session_id,page,event_type,element_type,element_label,x_pct,y_pct,time_on_page_ms,ts
6929e65f-0f3d-4b32-9998-73c15dfcfed0,control-task-img-1,mouseenter,scale-btn,Probably fake,,,1200,2026-06-30T10:00:01Z
6929e65f-0f3d-4b32-9998-73c15dfcfed0,control-task-img-1,click,scale-btn,Probably fake,0.45,0.62,3200,2026-06-30T10:00:03Z
2bf51caa-5459-4a0f-bfe2-0e41ff09bc96,overview,mousemove,document,,0.45,0.02,7119,2026-06-30T19:52:13.486Z
2bf51caa-5459-4a0f-bfe2-0e41ff09bc96,overview,mouseenter,nav-btn,1 · Knowledge,,,7129,2026-06-30T19:52:13.496Z
2bf51caa-5459-4a0f-bfe2-0e41ff09bc96,overview,mouseleave,nav-btn,1 · Knowledge,,,7132,2026-06-30T19:52:13.499Z
2bf51caa-5459-4a0f-bfe2-0e41ff09bc96,overview,mousemove,document,,0.27,0.78,7620,2026-06-30T19:52:13.987Z
2bf51caa-5459-4a0f-bfe2-0e41ff09bc96,overview,click,div,Control baseline,0.26,0.75,7998,2026-06-30T19:52:14.365Z
2bf51caa-5459-4a0f-bfe2-0e41ff09bc96,overview,mousemove,document,,0.28,0.66,8120,2026-06-30T19:52:14.487Z
2bf51caa-5459-4a0f-bfe2-0e41ff09bc96,overview,click,p,"N = 1,200 U.S. participants, randomly assigned to one of six",0.4,0.46,8465,2026-06-30T19:52:14.832Z
2bf51caa-5459-4a0f-bfe2-0e41ff09bc96,overview,mousemove,document,,0.4,0.46,9353,2026-06-30T19:52:15.720Z
2bf51caa-5459-4a0f-bfe2-0e41ff09bc96,overview,mousemove,document,,0.6,0.36,9989,2026-06-30T19:52:16.356Z
2bf51caa-5459-4a0f-bfe2-0e41ff09bc96,overview,click,div,"🔵
      Control
      No training — proceed directly to the",0.27,0.49,10493,2026-06-30T19:52:16.860Z
2bf51caa-5459-4a0f-bfe2-0e41ff09bc96,control,mousemove,document,,0.27,0.49,78,2026-06-30T19:52:16.938Z
2bf51caa-5459-4a0f-bfe2-0e41ff09bc96,control,mouseenter,btn,▶ Start Detection Task (demo: 5 images),,,362,2026-06-30T19:52:17.222Z
2bf51caa-5459-4a0f-bfe2-0e41ff09bc96,control,mousemove,document,,0.34,0.57,578,2026-06-30T19:52:17.438Z
2bf51caa-5459-4a0f-bfe2-0e41ff09bc96,control,mouseleave,btn,▶ Start Detection Task (demo: 5 images),,,745,2026-06-30T19:52:17.605Z
2bf51caa-5459-4a0f-bfe2-0e41ff09bc96,control,mousemove,document,,0.52,0.55,1078,2026-06-30T19:52:17.938Z
2bf51caa-5459-4a0f-bfe2-0e41ff09bc96,control,click,div,"Condition: Control
    No Intervention
    Participants in t",0.52,0.55,1120,2026-06-30T19:52:17.980Z
2bf51caa-5459-4a0f-bfe2-0e41ff09bc96,control,mouseenter,nav-btn,1 · Knowledge,,,1445,2026-06-30T19:52:18.305Z
2bf51caa-5459-4a0f-bfe2-0e41ff09bc96,control,mouseleave,nav-btn,1 · Knowledge,,,1462,2026-06-30T19:52:18.322Z
2bf51caa-5459-4a0f-bfe2-0e41ff09bc96,control,mouseenter,nav-btn,1 · Knowledge,,,5731,2026-06-30T19:52:22.591Z
2bf51caa-5459-4a0f-bfe2-0e41ff09bc96,control,mousemove,document,,0.4,0.03,5731,2026-06-30T19:52:22.591Z
2bf51caa-5459-4a0f-bfe2-0e41ff09bc96,control,mouseleave,nav-btn,1 · Knowledge,,,5743,2026-06-30T19:52:22.603Z
2bf51caa-5459-4a0f-bfe2-0e41ff09bc96,control,mouseenter,btn,▶ Start Detection Task (demo: 5 images),,,6030,2026-06-30T19:52:22.890Z
2bf51caa-5459-4a0f-bfe2-0e41ff09bc96,control,mouseleave,btn,▶ Start Detection Task (demo: 5 images),,,6061,2026-06-30T19:52:22.921Z
2bf51caa-5459-4a0f-bfe2-0e41ff09bc96,control,mousemove,document,,0.25,0.63,6248,2026-06-30T19:52:23.108Z
2bf51caa-5459-4a0f-bfe2-0e41ff09bc96,control,mouseenter,btn,▶ Start Detection Task (demo: 5 images),,,6296,2026-06-30T19:52:23.156Z
2bf51caa-5459-4a0f-bfe2-0e41ff09bc96,control,click,btn,▶ Start Detection Task (demo: 5 images),0.24,0.57,7258,2026-06-30T19:52:24.118Z
2bf51caa-5459-4a0f-bfe2-0e41ff09bc96,control-task-img-1,mouseleave,btn,▶ Start Detection Task (demo: 5 images),,,7,2026-06-30T19:52:24.125Z
2bf51caa-5459-4a0f-bfe2-0e41ff09bc96,control-task-img-1,mousemove,document,,0.28,0.61,885,2026-06-30T19:52:25.003Z
2bf51caa-5459-4a0f-bfe2-0e41ff09bc96,control-task-img-1,mouseenter,scale-btn,Definitely real,,,1002,2026-06-30T19:52:25.120Z
2bf51caa-5459-4a0f-bfe2-0e41ff09bc96,control-task-img-1,mouseleave,scale-btn,Definitely real,,,1024,2026-06-30T19:52:25.142Z
2bf51caa-5459-4a0f-bfe2-0e41ff09bc96,control-task-img-1,mouseenter,scale-btn,Definitely real,,,1269,2026-06-30T19:52:25.387Z
2bf51caa-5459-4a0f-bfe2-0e41ff09bc96,control-task-img-1,mousemove,document,,0.29,0.51,1419,2026-06-30T19:52:25.537Z
2bf51caa-5459-4a0f-bfe2-0e41ff09bc96,control-task-img-1,click,scale-btn,Definitely real,0.29,0.51,1700,2026-06-30T19:52:25.818Z
2bf51caa-5459-4a0f-bfe2-0e41ff09bc96,control-task-img-1,mouseleave,scale-btn,Definitely real,,,1885,2026-06-30T19:52:26.003Z
2bf51caa-5459-4a0f-bfe2-0e41ff09bc96,control-task-img-1,mousemove,document,,0.29,0.57,1919,2026-06-30T19:52:26.037Z
2bf51caa-5459-4a0f-bfe2-0e41ff09bc96,control-task-img-1,mouseenter,share-btn,Yes,,,2019,2026-06-30T19:52:26.137Z
2bf51caa-5459-4a0f-bfe2-0e41ff09bc96,control-task-img-1,click,share-btn,Yes,0.31,0.69,2762,2026-06-30T19:52:26.880Z
2bf51caa-5459-4a0f-bfe2-0e41ff09bc96,control-task-img-1,mouseleave,share-btn,Yes,,,3122,2026-06-30T19:52:27.240Z
2bf51caa-5459-4a0f-bfe2-0e41ff09bc96,control-task-img-1,mousemove,document,,0.31,0.69,3122,2026-06-30T19:52:27.240Z
2bf51caa-5459-4a0f-bfe2-0e41ff09bc96,control-task-img-1,mouseenter,next-btn,Next,,,3269,2026-06-30T19:52:27.387Z
2bf51caa-5459-4a0f-bfe2-0e41ff09bc96,control-task-img-1,mouseleave,next-btn,Next,,,3585,2026-06-30T19:52:27.703Z
2bf51caa-5459-4a0f-bfe2-0e41ff09bc96,control-task-img-1,mousemove,document,,0.22,0.74,3635,2026-06-30T19:52:27.753Z
2bf51caa-5459-4a0f-bfe2-0e41ff09bc96,control-task-img-1,click,label,"I have seen this image before, or it failed to load",0.22,0.72,3889,2026-06-30T19:52:28.007Z
2bf51caa-5459-4a0f-bfe2-0e41ff09bc96,control-task-img-1,click,checkbox,seen-cb-0,0.22,0.72,3889,2026-06-30T19:52:28.007Z
2bf51caa-5459-4a0f-bfe2-0e41ff09bc96,control-task-img-1,change,checkbox,seen-cb-0:true,,,3889,2026-06-30T19:52:28.007Z
2bf51caa-5459-4a0f-bfe2-0e41ff09bc96,control-task-img-1,mouseenter,next-btn,Next,,,4072,2026-06-30T19:52:28.190Z
2bf51caa-5459-4a0f-bfe2-0e41ff09bc96,control-task-img-1,mousemove,document,,0.24,0.77,4137,2026-06-30T19:52:28.255Z
2bf51caa-5459-4a0f-bfe2-0e41ff09bc96,control-task-img-1,click,next-btn,Next,0.25,0.78,4286,2026-06-30T19:52:28.404Z
2bf51caa-5459-4a0f-bfe2-0e41ff09bc96,control-task-img-2,mouseenter,share-btn,Yes,,,316,2026-06-30T19:52:28.721Z
2bf51caa-5459-4a0f-bfe2-0e41ff09bc96,control-task-img-2,mouseleave,share-btn,Yes,,,333,2026-06-30T19:52:28.738Z
2bf51caa-5459-4a0f-bfe2-0e41ff09bc96,control-task-img-2,mousemove,document,,0.42,0.58,366,2026-06-30T19:52:28.771Z
2bf51caa-5459-4a0f-bfe2-0e41ff09bc96,control-task-img-2,mouseenter,scale-btn,Probably real,,,468,2026-06-30T19:52:28.873Z
2bf51caa-5459-4a0f-bfe2-0e41ff09bc96,control-task-img-2,click,scale-btn,Probably real,0.42,0.5,717,2026-06-30T19:52:29.122Z
2bf51caa-5459-4a0f-bfe2-0e41ff09bc96,control-task-img-2,mouseleave,scale-btn,Probably real,,,749,2026-06-30T19:52:29.154Z
2bf51caa-5459-4a0f-bfe2-0e41ff09bc96,control-task-img-2,mousemove,document,,0.35,0.63,866,2026-06-30T19:52:29.271Z
2bf51caa-5459-4a0f-bfe2-0e41ff09bc96,control-task-img-2,mouseenter,share-btn,Yes,,,883,2026-06-30T19:52:29.288Z
2bf51caa-5459-4a0f-bfe2-0e41ff09bc96,control-task-img-2,click,share-btn,Yes,0.34,0.66,1159,2026-06-30T19:52:29.564Z
2bf51caa-5459-4a0f-bfe2-0e41ff09bc96,control-task-img-2,mouseleave,share-btn,Yes,,,1266,2026-06-30T19:52:29.671Z
2bf51caa-5459-4a0f-bfe2-0e41ff09bc96,control-task-img-2,mousemove,document,,0.29,0.77,1367,2026-06-30T19:52:29.772Z
2bf51caa-5459-4a0f-bfe2-0e41ff09bc96,control-task-img-2,mouseenter,next-btn,Next,,,1433,2026-06-30T19:52:29.838Z
2bf51caa-5459-4a0f-bfe2-0e41ff09bc96,control-task-img-2,click,next-btn,Next,0.27,0.79,1729,2026-06-30T19:52:30.134Z
2bf51caa-5459-4a0f-bfe2-0e41ff09bc96,control-task-img-3,mousemove,document,,0.34,0.74,138,2026-06-30T19:52:30.272Z
2bf51caa-5459-4a0f-bfe2-0e41ff09bc96,control-task-img-3,mouseenter,share-btn,No,,,220,2026-06-30T19:52:30.354Z
2bf51caa-5459-4a0f-bfe2-0e41ff09bc96,control-task-img-3,mouseleave,share-btn,No,,,337,2026-06-30T19:52:30.471Z
2bf51caa-5459-4a0f-bfe2-0e41ff09bc96,control-task-img-3,mouseenter,scale-btn,Probably fake,,,487,2026-06-30T19:52:30.621Z
2bf51caa-5459-4a0f-bfe2-0e41ff09bc96,control-task-img-3,click,scale-btn,Probably fake,0.52,0.51,772,2026-06-30T19:52:30.906Z
2bf51caa-5459-4a0f-bfe2-0e41ff09bc96,control-task-img-3,mousemove,document,,0.52,0.52,787,2026-06-30T19:52:30.921Z
2bf51caa-5459-4a0f-bfe2-0e41ff09bc96,control-task-img-3,mouseleave,scale-btn,Probably fake,,,804,2026-06-30T19:52:30.938Z
2bf51caa-5459-4a0f-bfe2-0e41ff09bc96,control-task-img-3,mouseenter,share-btn,No,,,837,2026-06-30T19:52:30.971Z
2bf51caa-5459-4a0f-bfe2-0e41ff09bc96,control-task-img-3,click,share-btn,No,0.49,0.66,1056,2026-06-30T19:52:31.190Z
2bf51caa-5459-4a0f-bfe2-0e41ff09bc96,control-task-img-3,mouseleave,share-btn,No,,,1120,2026-06-30T19:52:31.254Z
2bf51caa-5459-4a0f-bfe2-0e41ff09bc96,control-task-img-3,mouseenter,next-btn,Next,,,1203,2026-06-30T19:52:31.337Z
2bf51caa-5459-4a0f-bfe2-0e41ff09bc96,control-task-img-3,mousemove,document,,0.2,0.79,1303,2026-06-30T19:52:31.437Z
2bf51caa-5459-4a0f-bfe2-0e41ff09bc96,control-task-img-3,click,next-btn,Next,0.2,0.78,1626,2026-06-30T19:52:31.760Z
2bf51caa-5459-4a0f-bfe2-0e41ff09bc96,control-task-img-4,mouseenter,checkbox,seen-cb-3,,,59,2026-06-30T19:52:31.820Z
2bf51caa-5459-4a0f-bfe2-0e41ff09bc96,control-task-img-4,mouseleave,checkbox,seen-cb-3,,,76,2026-06-30T19:52:31.837Z
2bf51caa-5459-4a0f-bfe2-0e41ff09bc96,control-task-img-4,mouseenter,share-btn,Yes,,,93,2026-06-30T19:52:31.854Z
2bf51caa-5459-4a0f-bfe2-0e41ff09bc96,control-task-img-4,mouseleave,share-btn,Yes,,,126,2026-06-30T19:52:31.887Z
2bf51caa-5459-4a0f-bfe2-0e41ff09bc96,control-task-img-4,mousemove,document,,0.26,0.58,179,2026-06-30T19:52:31.940Z
2bf51caa-5459-4a0f-bfe2-0e41ff09bc96,control-task-img-4,mouseenter,scale-btn,Definitely real,,,342,2026-06-30T19:52:32.103Z
2bf51caa-5459-4a0f-bfe2-0e41ff09bc96,control-task-img-4,click,scale-btn,Definitely real,0.26,0.52,627,2026-06-30T19:52:32.388Z
2bf51caa-5459-4a0f-bfe2-0e41ff09bc96,control-task-img-4,mouseleave,scale-btn,Definitely real,,,642,2026-06-30T19:52:32.403Z
2bf51caa-5459-4a0f-bfe2-0e41ff09bc96,control-task-img-4,mouseenter,share-btn,Yes,,,693,2026-06-30T19:52:32.454Z
2bf51caa-5459-4a0f-bfe2-0e41ff09bc96,control-task-img-4,mousemove,document,,0.26,0.65,693,2026-06-30T19:52:32.454Z
2bf51caa-5459-4a0f-bfe2-0e41ff09bc96,control-task-img-4,mouseleave,share-btn,Yes,,,759,2026-06-30T19:52:32.520Z
2bf51caa-5459-4a0f-bfe2-0e41ff09bc96,control-task-img-4,mouseenter,share-btn,Yes,,,842,2026-06-30T19:52:32.603Z
2bf51caa-5459-4a0f-bfe2-0e41ff09bc96,control-task-img-4,click,share-btn,Yes,0.26,0.68,1063,2026-06-30T19:52:32.824Z
2bf51caa-5459-4a0f-bfe2-0e41ff09bc96,control-task-img-4,mouseleave,share-btn,Yes,,,1142,2026-06-30T19:52:32.903Z
2bf51caa-5459-4a0f-bfe2-0e41ff09bc96,control-task-img-4,mousemove,document,,0.25,0.73,1209,2026-06-30T19:52:32.970Z
2bf51caa-5459-4a0f-bfe2-0e41ff09bc96,control-task-img-4,mouseenter,next-btn,Next,,,1381,2026-06-30T19:52:33.142Z
2bf51caa-5459-4a0f-bfe2-0e41ff09bc96,control-task-img-4,mouseleave,next-btn,Next,,,1493,2026-06-30T19:52:33.254Z
2bf51caa-5459-4a0f-bfe2-0e41ff09bc96,control-task-img-4,click,label,"I have seen this image before, or it failed to load",0.24,0.71,2001,2026-06-30T19:52:33.762Z
2bf51caa-5459-4a0f-bfe2-0e41ff09bc96,control-task-img-4,click,checkbox,seen-cb-3,0.24,0.71,2001,2026-06-30T19:52:33.762Z
2bf51caa-5459-4a0f-bfe2-0e41ff09bc96,control-task-img-4,change,checkbox,seen-cb-3:true,,,2001,2026-06-30T19:52:33.762Z
2bf51caa-5459-4a0f-bfe2-0e41ff09bc96,control-task-img-4,mouseenter,next-btn,Next,,,2126,2026-06-30T19:52:33.887Z
2bf51caa-5459-4a0f-bfe2-0e41ff09bc96,control-task-img-4,mousemove,document,,0.24,0.78,2159,2026-06-30T19:52:33.920Z
2bf51caa-5459-4a0f-bfe2-0e41ff09bc96,control-task-img-4,click,next-btn,Next,0.24,0.78,2686,2026-06-30T19:52:34.447Z
2bf51caa-5459-4a0f-bfe2-0e41ff09bc96,control-task-img-5,mousemove,document,,0.28,0.76,106,2026-06-30T19:52:34.553Z
2bf51caa-5459-4a0f-bfe2-0e41ff09bc96,control-task-img-5,mouseenter,share-btn,No,,,407,2026-06-30T19:52:34.854Z
2bf51caa-5459-4a0f-bfe2-0e41ff09bc96,control-task-img-5,mouseleave,share-btn,No,,,1124,2026-06-30T19:52:35.571Z
2bf51caa-5459-4a0f-bfe2-0e41ff09bc96,control-task-img-5,mouseenter,image,Profile shot — hyper-realistic hair texture,,,1124,2026-06-30T19:52:35.571Z
2bf51caa-5459-4a0f-bfe2-0e41ff09bc96,control-task-img-5,mousemove,document,,0.44,0.68,1124,2026-06-30T19:52:35.571Z
2bf51caa-5459-4a0f-bfe2-0e41ff09bc96,control-task-img-5,mouseleave,image,Profile shot — hyper-realistic hair texture,,,1358,2026-06-30T19:52:35.805Z
2bf51caa-5459-4a0f-bfe2-0e41ff09bc96,control-task-img-5,mousemove,document,,0.35,0.14,1624,2026-06-30T19:52:36.071Z
2bf51caa-5459-4a0f-bfe2-0e41ff09bc96,control-task-img-5,mouseenter,nav-btn,1 · Knowledge,,,1707,2026-06-30T19:52:36.154Z
2bf51caa-5459-4a0f-bfe2-0e41ff09bc96,int1,mousemove,document,,0.44,0.04,85,2026-06-30T19:52:36.572Z
2bf51caa-5459-4a0f-bfe2-0e41ff09bc96,int1,mouseleave,nav-btn,1 · Knowledge,,,117,2026-06-30T19:52:36.604Z
2bf51caa-5459-4a0f-bfe2-0e41ff09bc96,int1,mouseenter,nav-btn,2 · Textual,,,117,2026-06-30T19:52:36.604Z
2bf51caa-5459-4a0f-bfe2-0e41ff09bc96,int1,mouseleave,nav-btn,2 · Textual,,,518,2026-06-30T19:52:37.005Z
2bf51caa-5459-4a0f-bfe2-0e41ff09bc96,int1,mouseenter,nav-btn,3 · Visual,,,534,2026-06-30T19:52:37.021Z
2bf51caa-5459-4a0f-bfe2-0e41ff09bc96,int1,mousemove,document,,0.54,0.04,601,2026-06-30T19:52:37.088Z
2bf51caa-5459-4a0f-bfe2-0e41ff09bc96,int1,click,nav-btn,3 · Visual,0.54,0.04,799,2026-06-30T19:52:37.286Z
2bf51caa-5459-4a0f-bfe2-0e41ff09bc96,control-task-img-5,click,nav-btn,1 · Knowledge,0.42,0.04,2039,2026-06-30T19:52:36.486Z
2bf51caa-5459-4a0f-bfe2-0e41ff09bc96,int3-tip-2,mouseenter,btn,Next →,,,2,2026-06-30T19:52:39.426Z
2bf51caa-5459-4a0f-bfe2-0e41ff09bc96,int3-tip-2,mouseleave,btn,Next →,,,147,2026-06-30T19:52:39.571Z
2bf51caa-5459-4a0f-bfe2-0e41ff09bc96,int3-tip-2,mousemove,document,,0.28,0.72,314,2026-06-30T19:52:39.738Z
2bf51caa-5459-4a0f-bfe2-0e41ff09bc96,int3-tip-2,mouseenter,btn,Next →,,,347,2026-06-30T19:52:39.771Z
2bf51caa-5459-4a0f-bfe2-0e41ff09bc96,int3-tip-2,click,btn,Next →,0.25,0.71,676,2026-06-30T19:52:40.100Z
2bf51caa-5459-4a0f-bfe2-0e41ff09bc96,int3-tip-1,mouseleave,nav-btn,3 · Visual,,,251,2026-06-30T19:52:37.538Z
2bf51caa-5459-4a0f-bfe2-0e41ff09bc96,int3-tip-1,mousemove,document,,0.56,0.08,324,2026-06-30T19:52:37.611Z
2bf51caa-5459-4a0f-bfe2-0e41ff09bc96,int3-tip-1,mouseenter,image,Two people holding hands — fingers are merged together unnat,,,356,2026-06-30T19:52:37.643Z
2bf51caa-5459-4a0f-bfe2-0e41ff09bc96,int3-tip-1,mousemove,document,,0.42,0.53,1401,2026-06-30T19:52:38.688Z
2bf51caa-5459-4a0f-bfe2-0e41ff09bc96,int3-tip-1,mouseleave,image,Two people holding hands — fingers are merged together unnat,,,1584,2026-06-30T19:52:38.871Z
2bf51caa-5459-4a0f-bfe2-0e41ff09bc96,int3-tip-1,mouseenter,btn,Next →,,,1701,2026-06-30T19:52:38.988Z
2bf51caa-5459-4a0f-bfe2-0e41ff09bc96,int3-tip-1,mouseleave,btn,Next →,,,1740,2026-06-30T19:52:39.027Z
2bf51caa-5459-4a0f-bfe2-0e41ff09bc96,int3-tip-1,mouseenter,btn,Next →,,,1885,2026-06-30T19:52:39.172Z
2bf51caa-5459-4a0f-bfe2-0e41ff09bc96,int3-tip-1,mousemove,document,,0.23,0.74,1907,2026-06-30T19:52:39.194Z
2bf51caa-5459-4a0f-bfe2-0e41ff09bc96,int3-tip-1,click,btn,Next →,0.23,0.72,2137,2026-06-30T19:52:39.424Z
2bf51caa-5459-4a0f-bfe2-0e41ff09bc96,int3-tip-3,mousemove,document,,0.25,0.71,293,2026-06-30T19:52:40.393Z
2bf51caa-5459-4a0f-bfe2-0e41ff09bc96,int3-tip-3,mouseenter,btn,Next →,,,338,2026-06-30T19:52:40.438Z
2bf51caa-5459-4a0f-bfe2-0e41ff09bc96,int3-tip-3,click,btn,Next →,0.27,0.72,742,2026-06-30T19:52:40.842Z
2bf51caa-5459-4a0f-bfe2-0e41ff09bc96,int3-tip-4,mouseenter,btn,Next →,,,2,2026-06-30T19:52:40.844Z
2bf51caa-5459-4a0f-bfe2-0e41ff09bc96,int3-tip-5,mouseenter,btn,✅ Continue to Detection Task,,,6,2026-06-30T19:52:41.745Z
2bf51caa-5459-4a0f-bfe2-0e41ff09bc96,int3-tip-5,mousemove,document,,0.28,0.71,498,2026-06-30T19:52:42.237Z
2bf51caa-5459-4a0f-bfe2-0e41ff09bc96,int3-tip-5,click,btn,✅ Continue to Detection Task,0.31,0.7,833,2026-06-30T19:52:42.572Z
2bf51caa-5459-4a0f-bfe2-0e41ff09bc96,int3-task-img-1,mousemove,document,,0.36,0.69,164,2026-06-30T19:52:42.737Z
2bf51caa-5459-4a0f-bfe2-0e41ff09bc96,int3-task-img-1,mouseenter,share-btn,Yes,,,231,2026-06-30T19:52:42.804Z
2bf51caa-5459-4a0f-bfe2-0e41ff09bc96,int3-task-img-1,mouseleave,share-btn,Yes,,,281,2026-06-30T19:52:42.854Z
2bf51caa-5459-4a0f-bfe2-0e41ff09bc96,int3-task-img-1,mouseenter,share-btn,Yes,,,737,2026-06-30T19:52:43.310Z
2bf51caa-5459-4a0f-bfe2-0e41ff09bc96,int3-task-img-1,mousemove,document,,0.35,0.63,803,2026-06-30T19:52:43.376Z
2bf51caa-5459-4a0f-bfe2-0e41ff09bc96,int3-task-img-1,mouseleave,share-btn,Yes,,,820,2026-06-30T19:52:43.393Z
2bf51caa-5459-4a0f-bfe2-0e41ff09bc96,int3-task-img-1,mouseenter,scale-btn,Definitely real,,,903,2026-06-30T19:52:43.476Z
2bf51caa-5459-4a0f-bfe2-0e41ff09bc96,int3-task-img-1,click,scale-btn,Definitely real,0.28,0.53,1333,2026-06-30T19:52:43.906Z
2bf51caa-5459-4a0f-bfe2-0e41ff09bc96,int3-task-img-1,mousemove,document,,0.28,0.53,1350,2026-06-30T19:52:43.923Z
2bf51caa-5459-4a0f-bfe2-0e41ff09bc96,int3-task-img-1,mouseleave,scale-btn,Definitely real,,,1414,2026-06-30T19:52:43.987Z
2bf51caa-5459-4a0f-bfe2-0e41ff09bc96,int3-task-img-1,mouseenter,share-btn,Yes,,,1447,2026-06-30T19:52:44.020Z
2bf51caa-5459-4a0f-bfe2-0e41ff09bc96,int3-task-img-1,mouseleave,share-btn,Yes,,,1464,2026-06-30T19:52:44.037Z
2bf51caa-5459-4a0f-bfe2-0e41ff09bc96,int3-task-img-1,mouseenter,share-btn,Yes,,,1664,2026-06-30T19:52:44.237Z
2bf51caa-5459-4a0f-bfe2-0e41ff09bc96,int3-task-img-1,click,share-btn,Yes,0.32,0.67,1845,2026-06-30T19:52:44.418Z
2bf51caa-5459-4a0f-bfe2-0e41ff09bc96,int3-task-img-1,mousemove,document,,0.32,0.67,1864,2026-06-30T19:52:44.437Z
2bf51caa-5459-4a0f-bfe2-0e41ff09bc96,int3-task-img-1,mouseleave,share-btn,Yes,,,1914,2026-06-30T19:52:44.487Z
2bf51caa-5459-4a0f-bfe2-0e41ff09bc96,int3-task-img-1,click,label,"I have seen this image before, or it failed to load",0.26,0.72,2219,2026-06-30T19:52:44.792Z
2bf51caa-5459-4a0f-bfe2-0e41ff09bc96,int3-task-img-1,click,checkbox,seen-cb-0,0.26,0.72,2219,2026-06-30T19:52:44.792Z
2bf51caa-5459-4a0f-bfe2-0e41ff09bc96,int3-task-img-1,change,checkbox,seen-cb-0:true,,,2219,2026-06-30T19:52:44.792Z
2bf51caa-5459-4a0f-bfe2-0e41ff09bc96,int3-task-img-1,mouseenter,next-btn,Next,,,2314,2026-06-30T19:52:44.887Z
2bf51caa-5459-4a0f-bfe2-0e41ff09bc96,int3-task-img-1,mousemove,document,,0.25,0.77,2364,2026-06-30T19:52:44.937Z
2bf51caa-5459-4a0f-bfe2-0e41ff09bc96,int3-task-img-1,click,next-btn,Next,0.25,0.78,2567,2026-06-30T19:52:45.140Z
2bf51caa-5459-4a0f-bfe2-0e41ff09bc96,int3-task-img-2,mouseenter,share-btn,Yes,,,231,2026-06-30T19:52:45.371Z
2bf51caa-5459-4a0f-bfe2-0e41ff09bc96,int3-task-img-2,mouseleave,share-btn,Yes,,,704,2026-06-30T19:52:45.844Z
2bf51caa-5459-4a0f-bfe2-0e41ff09bc96,int3-task-img-2,mousemove,document,,0.39,0.71,704,2026-06-30T19:52:45.844Z
2bf51caa-5459-4a0f-bfe2-0e41ff09bc96,int3-task-img-2,mouseenter,scale-btn,Probably real,,,881,2026-06-30T19:52:46.021Z
2bf51caa-5459-4a0f-bfe2-0e41ff09bc96,int3-tip-4,click,btn,Next →,0.23,0.72,896,2026-06-30T19:52:41.738Z
2bf51caa-5459-4a0f-bfe2-0e41ff09bc96,int3-task-img-2,mousemove,document,,0.4,0.51,1256,2026-06-30T19:52:46.396Z
2bf51caa-5459-4a0f-bfe2-0e41ff09bc96,int3-task-img-2,click,scale-btn,Probably real,0.4,0.51,1261,2026-06-30T19:52:46.401Z
2bf51caa-5459-4a0f-bfe2-0e41ff09bc96,int3-task-img-2,mouseleave,scale-btn,Probably real,,,1298,2026-06-30T19:52:46.438Z
2bf51caa-5459-4a0f-bfe2-0e41ff09bc96,int3-task-img-2,mouseenter,share-btn,Yes,,,1349,2026-06-30T19:52:46.489Z
2bf51caa-5459-4a0f-bfe2-0e41ff09bc96,int3-task-img-2,mouseleave,share-btn,Yes,,,1398,2026-06-30T19:52:46.538Z
2bf51caa-5459-4a0f-bfe2-0e41ff09bc96,int3-task-img-2,click,div,Image 2 / 15Is this image real or fake?Definitely realProbab,0.3,0.69,1675,2026-06-30T19:52:46.815Z
2bf51caa-5459-4a0f-bfe2-0e41ff09bc96,int3-task-img-2,mouseenter,share-btn,Yes,,,1698,2026-06-30T19:52:46.838Z
2bf51caa-5459-4a0f-bfe2-0e41ff09bc96,int3-task-img-2,mousemove,document,,0.31,0.66,1764,2026-06-30T19:52:46.904Z
2bf51caa-5459-4a0f-bfe2-0e41ff09bc96,int3-task-img-2,click,share-btn,Yes,0.31,0.66,1934,2026-06-30T19:52:47.074Z
2bf51caa-5459-4a0f-bfe2-0e41ff09bc96,int3-task-img-2,mouseleave,share-btn,Yes,,,1998,2026-06-30T19:52:47.138Z
2bf51caa-5459-4a0f-bfe2-0e41ff09bc96,int3-task-img-2,mousemove,document,,0.28,0.73,2265,2026-06-30T19:52:47.405Z
2bf51caa-5459-4a0f-bfe2-0e41ff09bc96,int3-task-img-2,click,label,"I have seen this image before, or it failed to load",0.28,0.73,2473,2026-06-30T19:52:47.613Z
2bf51caa-5459-4a0f-bfe2-0e41ff09bc96,int3-task-img-2,click,checkbox,seen-cb-1,0.28,0.73,2474,2026-06-30T19:52:47.614Z
2bf51caa-5459-4a0f-bfe2-0e41ff09bc96,int3-task-img-2,change,checkbox,seen-cb-1:true,,,2474,2026-06-30T19:52:47.614Z
2bf51caa-5459-4a0f-bfe2-0e41ff09bc96,int3-task-img-2,mouseenter,next-btn,Next,,,2548,2026-06-30T19:52:47.688Z
2bf51caa-5459-4a0f-bfe2-0e41ff09bc96,int3-task-img-2,click,next-btn,Next,0.25,0.78,2878,2026-06-30T19:52:48.018Z
2bf51caa-5459-4a0f-bfe2-0e41ff09bc96,int3-task-img-3,mousemove,document,,0.25,0.78,6,2026-06-30T19:52:48.024Z
2bf51caa-5459-4a0f-bfe2-0e41ff09bc96,int3-task-img-3,mouseenter,share-btn,Yes,,,120,2026-06-30T19:52:48.138Z
2bf51caa-5459-4a0f-bfe2-0e41ff09bc96,int3-task-img-3,mouseleave,share-btn,Yes,,,353,2026-06-30T19:52:48.371Z
2bf51caa-5459-4a0f-bfe2-0e41ff09bc96,int3-task-img-3,mouseenter,image,Group photo — fingers merged unnaturally,,,411,2026-06-30T19:52:48.429Z
2bf51caa-5459-4a0f-bfe2-0e41ff09bc96,int3-task-img-3,mouseleave,image,Group photo — fingers merged unnaturally,,,537,2026-06-30T19:52:48.555Z
2bf51caa-5459-4a0f-bfe2-0e41ff09bc96,int3-task-img-3,mousemove,document,,0.39,0.66,537,2026-06-30T19:52:48.555Z
2bf51caa-5459-4a0f-bfe2-0e41ff09bc96,int3-task-img-3,mousemove,document,,0.5,0.33,1037,2026-06-30T19:52:49.055Z
2bf51caa-5459-4a0f-bfe2-0e41ff09bc96,int3-task-img-3,mousemove,document,,0.59,0.15,1564,2026-06-30T19:52:49.582Z
2bf51caa-5459-4a0f-bfe2-0e41ff09bc96,int3-task-img-3,mousemove,document,,0.44,0.46,2071,2026-06-30T19:52:50.089Z
2bf51caa-5459-4a0f-bfe2-0e41ff09bc96,int3-task-img-3,mouseenter,scale-btn,Probably real,,,2204,2026-06-30T19:52:50.222Z
2bf51caa-5459-4a0f-bfe2-0e41ff09bc96,int3-task-img-3,click,scale-btn,Probably real,0.41,0.5,2491,2026-06-30T19:52:50.509Z
2bf51caa-5459-4a0f-bfe2-0e41ff09bc96,int3-task-img-3,mouseleave,scale-btn,Probably real,,,2536,2026-06-30T19:52:50.554Z
2bf51caa-5459-4a0f-bfe2-0e41ff09bc96,int3-task-img-3,mousemove,document,,0.37,0.59,2586,2026-06-30T19:52:50.604Z
2bf51caa-5459-4a0f-bfe2-0e41ff09bc96,int3-task-img-3,mouseenter,share-btn,Yes,,,2703,2026-06-30T19:52:50.721Z
2bf51caa-5459-4a0f-bfe2-0e41ff09bc96,int3-task-img-3,click,share-btn,Yes,0.32,0.66,2952,2026-06-30T19:52:50.970Z
2bf51caa-5459-4a0f-bfe2-0e41ff09bc96,int3-task-img-3,mouseleave,share-btn,Yes,,,3053,2026-06-30T19:52:51.071Z
2bf51caa-5459-4a0f-bfe2-0e41ff09bc96,int3-task-img-3,mousemove,document,,0.27,0.7,3086,2026-06-30T19:52:51.104Z
2bf51caa-5459-4a0f-bfe2-0e41ff09bc96,int3-task-img-3,click,label,"I have seen this image before, or it failed to load",0.26,0.73,3453,2026-06-30T19:52:51.471Z
2bf51caa-5459-4a0f-bfe2-0e41ff09bc96,int3-task-img-3,click,checkbox,seen-cb-2,0.26,0.73,3453,2026-06-30T19:52:51.471Z
2bf51caa-5459-4a0f-bfe2-0e41ff09bc96,int3-task-img-3,change,checkbox,seen-cb-2:true,,,3453,2026-06-30T19:52:51.471Z
2bf51caa-5459-4a0f-bfe2-0e41ff09bc96,int3-task-img-3,mouseenter,next-btn,Next,,,3570,2026-06-30T19:52:51.588Z
2bf51caa-5459-4a0f-bfe2-0e41ff09bc96,int3-task-img-3,mousemove,document,,0.25,0.77,3587,2026-06-30T19:52:51.605Z
2bf51caa-5459-4a0f-bfe2-0e41ff09bc96,int3-task-img-3,click,next-btn,Next,0.25,0.78,3837,2026-06-30T19:52:51.855Z
2bf51caa-5459-4a0f-bfe2-0e41ff09bc96,int3-task-img-4,mouseenter,share-btn,Yes,,,132,2026-06-30T19:52:51.988Z
2bf51caa-5459-4a0f-bfe2-0e41ff09bc96,int3-task-img-4,mouseleave,share-btn,Yes,,,182,2026-06-30T19:52:52.038Z
2bf51caa-5459-4a0f-bfe2-0e41ff09bc96,int3-task-img-4,mousemove,document,,0.43,0.58,517,2026-06-30T19:52:52.373Z
2bf51caa-5459-4a0f-bfe2-0e41ff09bc96,int3-task-img-4,mouseenter,scale-btn,Probably real,,,966,2026-06-30T19:52:52.822Z
2bf51caa-5459-4a0f-bfe2-0e41ff09bc96,int3-task-img-4,mouseleave,scale-btn,Probably real,,,1021,2026-06-30T19:52:52.877Z
2bf51caa-5459-4a0f-bfe2-0e41ff09bc96,int3-task-img-4,mousemove,document,,0.41,0.47,1021,2026-06-30T19:52:52.877Z
2bf51caa-5459-4a0f-bfe2-0e41ff09bc96,int3-task-img-4,mouseenter,scale-btn,Probably real,,,1282,2026-06-30T19:52:53.138Z
2bf51caa-5459-4a0f-bfe2-0e41ff09bc96,int3-task-img-4,click,scale-btn,Probably real,0.41,0.52,1494,2026-06-30T19:52:53.350Z
2bf51caa-5459-4a0f-bfe2-0e41ff09bc96,int3-task-img-4,mouseleave,scale-btn,Probably real,,,1532,2026-06-30T19:52:53.388Z
2bf51caa-5459-4a0f-bfe2-0e41ff09bc96,int3-task-img-4,mousemove,document,,0.4,0.55,1532,2026-06-30T19:52:53.388Z
2bf51caa-5459-4a0f-bfe2-0e41ff09bc96,int3-task-img-4,mouseenter,share-btn,Yes,,,1599,2026-06-30T19:52:53.455Z
2bf51caa-5459-4a0f-bfe2-0e41ff09bc96,int3-task-img-4,click,share-btn,Yes,0.29,0.65,1888,2026-06-30T19:52:53.744Z
2bf51caa-5459-4a0f-bfe2-0e41ff09bc96,int3-task-img-4,mouseleave,share-btn,Yes,,,1931,2026-06-30T19:52:53.787Z
2bf51caa-5459-4a0f-bfe2-0e41ff09bc96,int3-task-img-4,mousemove,document,,0.24,0.74,2032,2026-06-30T19:52:53.888Z
2bf51caa-5459-4a0f-bfe2-0e41ff09bc96,int3-task-img-4,click,div,Image 4 / 15Is this image real or fake?Definitely realProbab,0.24,0.74,2508,2026-06-30T19:52:54.364Z
2bf51caa-5459-4a0f-bfe2-0e41ff09bc96,int3-task-img-4,mouseenter,next-btn,Next,,,2583,2026-06-30T19:52:54.439Z
2bf51caa-5459-4a0f-bfe2-0e41ff09bc96,int3-task-img-4,mouseleave,next-btn,Next,,,2716,2026-06-30T19:52:54.572Z
2bf51caa-5459-4a0f-bfe2-0e41ff09bc96,int3-task-img-4,mouseenter,share-btn,Yes,,,2799,2026-06-30T19:52:54.655Z
2bf51caa-5459-4a0f-bfe2-0e41ff09bc96,int3-task-img-4,mouseleave,share-btn,Yes,,,2935,2026-06-30T19:52:54.791Z
2bf51caa-5459-4a0f-bfe2-0e41ff09bc96,int3-task-img-4,mouseenter,next-btn,Next,,,3349,2026-06-30T19:52:55.205Z
2bf51caa-5459-4a0f-bfe2-0e41ff09bc96,int3-task-img-4,mousemove,document,,0.25,0.79,3415,2026-06-30T19:52:55.271Z
2bf51caa-5459-4a0f-bfe2-0e41ff09bc96,int3-task-img-4,click,next-btn,Next,0.25,0.8,3780,2026-06-30T19:52:55.636Z
2bf51caa-5459-4a0f-bfe2-0e41ff09bc96,int3-task-img-5,mousemove,document,,0.28,0.75,151,2026-06-30T19:52:55.788Z
2bf51caa-5459-4a0f-bfe2-0e41ff09bc96,int3-task-img-5,mouseenter,share-btn,Yes,,,202,2026-06-30T19:52:55.839Z
2bf51caa-5459-4a0f-bfe2-0e41ff09bc96,int3-task-img-5,mouseleave,share-btn,Yes,,,218,2026-06-30T19:52:55.855Z
2bf51caa-5459-4a0f-bfe2-0e41ff09bc96,int3-task-img-5,mouseenter,share-btn,No,,,218,2026-06-30T19:52:55.855Z
2bf51caa-5459-4a0f-bfe2-0e41ff09bc96,int3-task-img-5,mouseleave,share-btn,No,,,301,2026-06-30T19:52:55.938Z
2bf51caa-5459-4a0f-bfe2-0e41ff09bc96,int3-task-img-5,mousemove,document,,0.51,0.58,651,2026-06-30T19:52:56.288Z
2bf51caa-5459-4a0f-bfe2-0e41ff09bc96,int3-task-img-5,mouseenter,nav-btn,5 · Feedback,,,968,2026-06-30T19:52:56.605Z
2bf51caa-5459-4a0f-bfe2-0e41ff09bc96,int3-task-img-5,mouseleave,nav-btn,5 · Feedback,,,1118,2026-06-30T19:52:56.755Z
2bf51caa-5459-4a0f-bfe2-0e41ff09bc96,int3-task-img-5,mousemove,document,,0.67,0.04,1151,2026-06-30T19:52:56.788Z
2bf51caa-5459-4a0f-bfe2-0e41ff09bc96,int3-task-img-5,mouseenter,nav-btn,4 · Gamified,,,1168,2026-06-30T19:52:56.805Z
2bf51caa-5459-4a0f-bfe2-0e41ff09bc96,int3-task-img-5,mouseleave,nav-btn,4 · Gamified,,,1185,2026-06-30T19:52:56.822Z
2bf51caa-5459-4a0f-bfe2-0e41ff09bc96,int3-task-img-5,mouseenter,nav-btn,4 · Gamified,,,1201,2026-06-30T19:52:56.838Z
2bf51caa-5459-4a0f-bfe2-0e41ff09bc96,int3-task-img-5,click,nav-btn,4 · Gamified,0.65,0.03,1531,2026-06-30T19:52:57.168Z
2bf51caa-5459-4a0f-bfe2-0e41ff09bc96,int4-round-1,mousemove,document,,0.65,0.06,174,2026-06-30T19:52:57.355Z
2bf51caa-5459-4a0f-bfe2-0e41ff09bc96,int4-round-1,mouseleave,nav-btn,4 · Gamified,,,191,2026-06-30T19:52:57.372Z
2bf51caa-5459-4a0f-bfe2-0e41ff09bc96,int4-round-1,mouseenter,game-image,game-img,,,657,2026-06-30T19:52:57.838Z
2bf51caa-5459-4a0f-bfe2-0e41ff09bc96,int4-round-1,mousemove,document,,0.5,0.41,691,2026-06-30T19:52:57.872Z
2bf51caa-5459-4a0f-bfe2-0e41ff09bc96,int4-round-1,mousemove,document,,0.45,0.49,1257,2026-06-30T19:52:58.438Z
2bf51caa-5459-4a0f-bfe2-0e41ff09bc96,int4-round-1,click,game-image,game-img,0.35,0.36,1557,2026-06-30T19:52:58.738Z
2bf51caa-5459-4a0f-bfe2-0e41ff09bc96,int4-round-1,click,game-image,game-img,0.36,0.47,1843,2026-06-30T19:52:59.024Z
2bf51caa-5459-4a0f-bfe2-0e41ff09bc96,int4-round-1,mousemove,document,,0.36,0.47,1857,2026-06-30T19:52:59.038Z
2bf51caa-5459-4a0f-bfe2-0e41ff09bc96,int4-round-1,click,game-image,game-img,0.46,0.51,2133,2026-06-30T19:52:59.314Z
2bf51caa-5459-4a0f-bfe2-0e41ff09bc96,int4-round-1,mousemove,document,,0.48,0.57,2383,2026-06-30T19:52:59.564Z
2bf51caa-5459-4a0f-bfe2-0e41ff09bc96,int4-round-1,click,game-image,game-img,0.48,0.55,2393,2026-06-30T19:52:59.574Z
2bf51caa-5459-4a0f-bfe2-0e41ff09bc96,int4-round-1,click,game-image,game-img,0.48,0.34,2621,2026-06-30T19:52:59.802Z
2bf51caa-5459-4a0f-bfe2-0e41ff09bc96,int4-round-1,click,game-image,game-img,0.47,0.21,2821,2026-06-30T19:53:00.002Z
2bf51caa-5459-4a0f-bfe2-0e41ff09bc96,int4-round-1,mousemove,document,,0.43,0.21,2890,2026-06-30T19:53:00.071Z
2bf51caa-5459-4a0f-bfe2-0e41ff09bc96,int4-round-1,click,game-image,game-img,0.41,0.21,3039,2026-06-30T19:53:00.220Z
2bf51caa-5459-4a0f-bfe2-0e41ff09bc96,int4-round-1,mousemove,document,,0.36,0.29,3392,2026-06-30T19:53:00.573Z
2bf51caa-5459-4a0f-bfe2-0e41ff09bc96,int4-round-1,click,game-image,game-img,0.37,0.35,3569,2026-06-30T19:53:00.750Z
2bf51caa-5459-4a0f-bfe2-0e41ff09bc96,int4-round-1,click,game-image,game-img,0.4,0.41,3811,2026-06-30T19:53:00.992Z
2bf51caa-5459-4a0f-bfe2-0e41ff09bc96,int4-round-1,mousemove,document,,0.4,0.42,3923,2026-06-30T19:53:01.104Z
2bf51caa-5459-4a0f-bfe2-0e41ff09bc96,int4-round-1,click,game-image,game-img,0.39,0.47,4263,2026-06-30T19:53:01.444Z
2bf51caa-5459-4a0f-bfe2-0e41ff09bc96,int4-round-1,click,game-image,game-img,0.39,0.47,4465,2026-06-30T19:53:01.646Z
2bf51caa-5459-4a0f-bfe2-0e41ff09bc96,int4-round-1,click,game-image,game-img,0.39,0.47,4747,2026-06-30T19:53:01.928Z
2bf51caa-5459-4a0f-bfe2-0e41ff09bc96,int4-round-1,mousemove,document,,0.39,0.47,4773,2026-06-30T19:53:01.954Z
2bf51caa-5459-4a0f-bfe2-0e41ff09bc96,int4-round-1,click,game-image,game-img,0.39,0.46,4965,2026-06-30T19:53:02.146Z
2bf51caa-5459-4a0f-bfe2-0e41ff09bc96,int4-round-2,mouseenter,game-image,game-img,,,16,2026-06-30T19:53:03.270Z
2bf51caa-5459-4a0f-bfe2-0e41ff09bc96,int4-round-2,mouseleave,game-image,game-img,,,323,2026-06-30T19:53:03.577Z
2bf51caa-5459-4a0f-bfe2-0e41ff09bc96,int4-round-2,mouseenter,game-image,game-img,,,1023,2026-06-30T19:53:04.277Z
2bf51caa-5459-4a0f-bfe2-0e41ff09bc96,int4-round-2,mouseleave,game-image,game-img,,,2001,2026-06-30T19:53:05.255Z
2bf51caa-5459-4a0f-bfe2-0e41ff09bc96,int4-round-2,mouseenter,game-image,game-img,,,3018,2026-06-30T19:53:06.272Z
2bf51caa-5459-4a0f-bfe2-0e41ff09bc96,int4-round-2,click,game-image,game-img,0.39,0.46,3186,2026-06-30T19:53:06.440Z
2bf51caa-5459-4a0f-bfe2-0e41ff09bc96,int4-round-2,mousemove,document,,0.38,0.41,3351,2026-06-30T19:53:06.605Z
2bf51caa-5459-4a0f-bfe2-0e41ff09bc96,int4-round-2,click,game-image,game-img,0.37,0.34,3554,2026-06-30T19:53:06.808Z
2bf51caa-5459-4a0f-bfe2-0e41ff09bc96,int4-round-2,click,game-image,game-img,0.51,0.22,3876,2026-06-30T19:53:07.130Z
2bf51caa-5459-4a0f-bfe2-0e41ff09bc96,int4-round-2,mousemove,document,,0.51,0.22,3885,2026-06-30T19:53:07.139Z
2bf51caa-5459-4a0f-bfe2-0e41ff09bc96,int4-round-2,click,game-image,game-img,0.44,0.21,4098,2026-06-30T19:53:07.352Z
2bf51caa-5459-4a0f-bfe2-0e41ff09bc96,int4-round-2,click,game-image,game-img,0.36,0.15,4356,2026-06-30T19:53:07.610Z
2bf51caa-5459-4a0f-bfe2-0e41ff09bc96,int4-round-2,mousemove,document,,0.35,0.15,4401,2026-06-30T19:53:07.655Z
2bf51caa-5459-4a0f-bfe2-0e41ff09bc96,int4-round-2,click,game-image,game-img,0.31,0.17,4607,2026-06-30T19:53:07.861Z
2bf51caa-5459-4a0f-bfe2-0e41ff09bc96,int4-round-2,click,game-image,game-img,0.31,0.22,4875,2026-06-30T19:53:08.129Z
2bf51caa-5459-4a0f-bfe2-0e41ff09bc96,int4-round-2,mousemove,document,,0.39,0.23,4917,2026-06-30T19:53:08.171Z
2bf51caa-5459-4a0f-bfe2-0e41ff09bc96,int4-round-2,click,game-image,game-img,0.47,0.32,5102,2026-06-30T19:53:08.356Z
2bf51caa-5459-4a0f-bfe2-0e41ff09bc96,int4-round-2,click,game-image,game-img,0.46,0.39,5294,2026-06-30T19:53:08.548Z
2bf51caa-5459-4a0f-bfe2-0e41ff09bc96,int4-round-2,mousemove,document,,0.45,0.39,5419,2026-06-30T19:53:08.673Z
2bf51caa-5459-4a0f-bfe2-0e41ff09bc96,int4-round-2,click,game-image,game-img,0.45,0.39,5491,2026-06-30T19:53:08.745Z
2bf51caa-5459-4a0f-bfe2-0e41ff09bc96,int4-round-2,click,game-image,game-img,0.41,0.29,5713,2026-06-30T19:53:08.967Z
2bf51caa-5459-4a0f-bfe2-0e41ff09bc96,int4-round-2,click,game-image,game-img,0.36,0.22,5944,2026-06-30T19:53:09.198Z
2bf51caa-5459-4a0f-bfe2-0e41ff09bc96,int4-round-2,mousemove,document,,0.36,0.22,5968,2026-06-30T19:53:09.222Z
2bf51caa-5459-4a0f-bfe2-0e41ff09bc96,int4-round-2,click,game-image,game-img,0.39,0.45,6177,2026-06-30T19:53:09.431Z
2bf51caa-5459-4a0f-bfe2-0e41ff09bc96,int4-round-2,click,game-image,game-img,0.4,0.49,6383,2026-06-30T19:53:09.637Z
2bf51caa-5459-4a0f-bfe2-0e41ff09bc96,int4-round-2,mousemove,document,,0.41,0.45,6555,2026-06-30T19:53:09.809Z
2bf51caa-5459-4a0f-bfe2-0e41ff09bc96,int4-round-2,click,game-image,game-img,0.41,0.43,6586,2026-06-30T19:53:09.840Z
2bf51caa-5459-4a0f-bfe2-0e41ff09bc96,int4-round-2,click,game-image,game-img,0.42,0.4,6768,2026-06-30T19:53:10.022Z
2bf51caa-5459-4a0f-bfe2-0e41ff09bc96,int4-round-2,click,game-image,game-img,0.42,0.4,6984,2026-06-30T19:53:10.238Z
2bf51caa-5459-4a0f-bfe2-0e41ff09bc96,int4-round-2,mouseleave,game-image,game-img,,,7306,2026-06-30T19:53:10.560Z
2bf51caa-5459-4a0f-bfe2-0e41ff09bc96,int4-round-2,mousemove,document,,0.46,0.36,7306,2026-06-30T19:53:10.560Z
2bf51caa-5459-4a0f-bfe2-0e41ff09bc96,int4-round-2,mousemove,document,,0.71,0.11,7817,2026-06-30T19:53:11.071Z
2bf51caa-5459-4a0f-bfe2-0e41ff09bc96,int4-round-2,mouseenter,nav-btn,5 · Feedback,,,7850,2026-06-30T19:53:11.104Z
2bf51caa-5459-4a0f-bfe2-0e41ff09bc96,int4-round-2,mouseleave,nav-btn,5 · Feedback,,,7873,2026-06-30T19:53:11.127Z
2bf51caa-5459-4a0f-bfe2-0e41ff09bc96,int4-round-2,click,div,"🕵️ Deepfake Discernment Study
  Overview
  Control
  1 · Kn",0.74,0.02,8395,2026-06-30T19:53:11.649Z
2bf51caa-5459-4a0f-bfe2-0e41ff09bc96,int4-round-2,mouseenter,nav-btn,5 · Feedback,,,8578,2026-06-30T19:53:11.832Z
2bf51caa-5459-4a0f-bfe2-0e41ff09bc96,int4-round-2,mousemove,document,,0.73,0.02,8578,2026-06-30T19:53:11.832Z
2bf51caa-5459-4a0f-bfe2-0e41ff09bc96,int4-round-2,click,nav-btn,5 · Feedback,0.72,0.05,8956,2026-06-30T19:53:12.210Z
2bf51caa-5459-4a0f-bfe2-0e41ff09bc96,int5-train-1,mousemove,document,,0.71,0.06,160,2026-06-30T19:53:12.371Z
2bf51caa-5459-4a0f-bfe2-0e41ff09bc96,int5-train-1,mouseleave,nav-btn,5 · Feedback,,,177,2026-06-30T19:53:12.388Z
2bf51caa-5459-4a0f-bfe2-0e41ff09bc96,int5-train-1,mouseenter,image,Hands merged — anatomical error,,,316,2026-06-30T19:53:12.527Z
2bf51caa-5459-4a0f-bfe2-0e41ff09bc96,int5-train-1,mousemove,document,,0.53,0.31,678,2026-06-30T19:53:12.889Z
2bf51caa-5459-4a0f-bfe2-0e41ff09bc96,int5-train-1,click,image,Hands merged — anatomical error,0.53,0.31,802,2026-06-30T19:53:13.013Z
2bf51caa-5459-4a0f-bfe2-0e41ff09bc96,int5-train-1,mouseleave,image,Hands merged — anatomical error,,,1044,2026-06-30T19:53:13.255Z
2bf51caa-5459-4a0f-bfe2-0e41ff09bc96,int5-train-1,mouseenter,scale-btn,Probably real,,,1112,2026-06-30T19:53:13.323Z
2bf51caa-5459-4a0f-bfe2-0e41ff09bc96,int5-train-1,mousemove,document,,0.37,0.66,1211,2026-06-30T19:53:13.422Z
2bf51caa-5459-4a0f-bfe2-0e41ff09bc96,int5-train-1,mouseleave,scale-btn,Probably real,,,1311,2026-06-30T19:53:13.522Z
2bf51caa-5459-4a0f-bfe2-0e41ff09bc96,int5-train-1,mouseenter,scale-btn,Definitely real,,,1328,2026-06-30T19:53:13.539Z
2bf51caa-5459-4a0f-bfe2-0e41ff09bc96,int5-train-1,click,scale-btn,Definitely real,0.32,0.69,1521,2026-06-30T19:53:13.732Z
2bf51caa-5459-4a0f-bfe2-0e41ff09bc96,int5-train-1,mouseleave,scale-btn,Definitely real,,,1611,2026-06-30T19:53:13.822Z
2bf51caa-5459-4a0f-bfe2-0e41ff09bc96,int5-train-1,mousemove,document,,0.32,0.75,1727,2026-06-30T19:53:13.938Z
2bf51caa-5459-4a0f-bfe2-0e41ff09bc96,int5-train-1,mouseenter,next-btn,Next,,,2044,2026-06-30T19:53:14.255Z
2bf51caa-5459-4a0f-bfe2-0e41ff09bc96,int5-train-1,mousemove,document,,0.25,0.86,2268,2026-06-30T19:53:14.479Z
2bf51caa-5459-4a0f-bfe2-0e41ff09bc96,int5-train-1,click,next-btn,Next,0.26,0.86,2284,2026-06-30T19:53:14.495Z
2bf51caa-5459-4a0f-bfe2-0e41ff09bc96,int5-train-2,mouseenter,scale-btn,Probably real,,,209,2026-06-30T19:53:14.705Z
2bf51caa-5459-4a0f-bfe2-0e41ff09bc96,int5-train-2,click,scale-btn,Probably real,0.47,0.66,478,2026-06-30T19:53:14.974Z
2bf51caa-5459-4a0f-bfe2-0e41ff09bc96,int5-train-2,mousemove,document,,0.46,0.68,558,2026-06-30T19:53:15.054Z
2bf51caa-5459-4a0f-bfe2-0e41ff09bc96,int5-train-2,mouseleave,scale-btn,Probably real,,,625,2026-06-30T19:53:15.121Z
2bf51caa-5459-4a0f-bfe2-0e41ff09bc96,int5-train-2,mousemove,document,,0.28,0.84,1143,2026-06-30T19:53:15.639Z
2bf51caa-5459-4a0f-bfe2-0e41ff09bc96,int5-train-2,click,div,Training image 2 of 10Is this image real or fake?Definitely ,0.28,0.84,1147,2026-06-30T19:53:15.643Z
2bf51caa-5459-4a0f-bfe2-0e41ff09bc96,int5-train-2,mouseenter,scale-btn,Probably fake,,,1508,2026-06-30T19:53:16.004Z
2bf51caa-5459-4a0f-bfe2-0e41ff09bc96,int5-train-2,mousemove,document,,0.55,0.66,1646,2026-06-30T19:53:16.142Z
2bf51caa-5459-4a0f-bfe2-0e41ff09bc96,int5-train-2,mouseleave,scale-btn,Probably fake,,,1692,2026-06-30T19:53:16.188Z
2bf51caa-5459-4a0f-bfe2-0e41ff09bc96,int5-train-2,mouseenter,scale-btn,Probably real,,,1692,2026-06-30T19:53:16.188Z
2bf51caa-5459-4a0f-bfe2-0e41ff09bc96,int5-train-2,mouseleave,scale-btn,Probably real,,,1725,2026-06-30T19:53:16.221Z
2bf51caa-5459-4a0f-bfe2-0e41ff09bc96,int5-train-2,mouseenter,scale-btn,Definitely real,,,1725,2026-06-30T19:53:16.221Z
2bf51caa-5459-4a0f-bfe2-0e41ff09bc96,int5-train-2,mouseleave,scale-btn,Definitely real,,,1743,2026-06-30T19:53:16.239Z
2bf51caa-5459-4a0f-bfe2-0e41ff09bc96,int5-train-2,mouseenter,scale-btn,Definitely real,,,2025,2026-06-30T19:53:16.521Z
2bf51caa-5459-4a0f-bfe2-0e41ff09bc96,int5-train-2,mousemove,document,,0.24,0.69,2198,2026-06-30T19:53:16.694Z
2bf51caa-5459-4a0f-bfe2-0e41ff09bc96,int5-train-2,mouseleave,scale-btn,Definitely real,,,2292,2026-06-30T19:53:16.788Z
2bf51caa-5459-4a0f-bfe2-0e41ff09bc96,int5-train-2,mouseenter,next-btn,Next,,,2408,2026-06-30T19:53:16.904Z
2bf51caa-5459-4a0f-bfe2-0e41ff09bc96,int5-train-2,click,next-btn,Next,0.23,0.85,2684,2026-06-30T19:53:17.180Z
2bf51caa-5459-4a0f-bfe2-0e41ff09bc96,int5-train-3,mousemove,document,,0.24,0.83,23,2026-06-30T19:53:17.204Z
2bf51caa-5459-4a0f-bfe2-0e41ff09bc96,int5-train-3,click,div,"CHI 2026 · Geissler, Robertson & Feuerriegel
    Designing E",0.24,0.83,229,2026-06-30T19:53:17.410Z
2bf51caa-5459-4a0f-bfe2-0e41ff09bc96,int5-train-3,mouseenter,scale-btn,Probably real,,,306,2026-06-30T19:53:17.487Z
2bf51caa-5459-4a0f-bfe2-0e41ff09bc96,int5-train-3,mousemove,document,,0.47,0.66,523,2026-06-30T19:53:17.704Z
2bf51caa-5459-4a0f-bfe2-0e41ff09bc96,int5-train-3,click,scale-btn,Probably real,0.47,0.66,645,2026-06-30T19:53:17.826Z
2bf51caa-5459-4a0f-bfe2-0e41ff09bc96,int5-train-3,mouseleave,scale-btn,Probably real,,,739,2026-06-30T19:53:17.920Z
2bf51caa-5459-4a0f-bfe2-0e41ff09bc96,int5-train-3,mouseenter,next-btn,Next,,,923,2026-06-30T19:53:18.104Z
2bf51caa-5459-4a0f-bfe2-0e41ff09bc96,int5-train-3,mousemove,document,,0.27,0.87,1023,2026-06-30T19:53:18.204Z
2bf51caa-5459-4a0f-bfe2-0e41ff09bc96,int5-train-3,click,next-btn,Next,0.26,0.84,1239,2026-06-30T19:53:18.420Z
2bf51caa-5459-4a0f-bfe2-0e41ff09bc96,int5-train-4,mouseenter,scale-btn,Definitely real,,,68,2026-06-30T19:53:18.488Z
2bf51caa-5459-4a0f-bfe2-0e41ff09bc96,int5-train-4,mouseleave,scale-btn,Definitely real,,,100,2026-06-30T19:53:18.520Z
2bf51caa-5459-4a0f-bfe2-0e41ff09bc96,int5-train-4,mousemove,document,,0.28,0.63,289,2026-06-30T19:53:18.709Z
2bf51caa-5459-4a0f-bfe2-0e41ff09bc96,int5-train-4,click,div,Training image 4 of 10Is this image real or fake?Definitely ,0.28,0.63,295,2026-06-30T19:53:18.715Z
2bf51caa-5459-4a0f-bfe2-0e41ff09bc96,int5-train-4,mouseenter,scale-btn,Probably fake,,,467,2026-06-30T19:53:18.887Z
2bf51caa-5459-4a0f-bfe2-0e41ff09bc96,int5-train-4,click,scale-btn,Probably fake,0.55,0.68,761,2026-06-30T19:53:19.181Z
2bf51caa-5459-4a0f-bfe2-0e41ff09bc96,int5-train-4,mousemove,document,,0.53,0.68,800,2026-06-30T19:53:19.220Z
2bf51caa-5459-4a0f-bfe2-0e41ff09bc96,int5-train-4,mouseleave,scale-btn,Probably fake,,,817,2026-06-30T19:53:19.237Z
2bf51caa-5459-4a0f-bfe2-0e41ff09bc96,int5-train-4,mouseenter,scale-btn,Probably real,,,817,2026-06-30T19:53:19.237Z
2bf51caa-5459-4a0f-bfe2-0e41ff09bc96,int5-train-4,mouseleave,scale-btn,Probably real,,,850,2026-06-30T19:53:19.270Z
2bf51caa-5459-4a0f-bfe2-0e41ff09bc96,int5-train-4,mouseenter,next-btn,Next,,,1000,2026-06-30T19:53:19.420Z
2bf51caa-5459-4a0f-bfe2-0e41ff09bc96,int5-train-4,mousemove,document,,0.22,0.86,1303,2026-06-30T19:53:19.723Z
2bf51caa-5459-4a0f-bfe2-0e41ff09bc96,int5-train-4,click,next-btn,Next,0.23,0.85,1323,2026-06-30T19:53:19.743Z
2bf51caa-5459-4a0f-bfe2-0e41ff09bc96,int5-train-5,mouseenter,scale-btn,Definitely real,,,313,2026-06-30T19:53:20.057Z
2bf51caa-5459-4a0f-bfe2-0e41ff09bc96,int5-train-5,click,scale-btn,Definitely real,0.26,0.7,702,2026-06-30T19:53:20.446Z
2bf51caa-5459-4a0f-bfe2-0e41ff09bc96,int5-train-5,mouseleave,scale-btn,Definitely real,,,760,2026-06-30T19:53:20.504Z
2bf51caa-5459-4a0f-bfe2-0e41ff09bc96,int5-train-5,mousemove,document,,0.26,0.72,761,2026-06-30T19:53:20.505Z
2bf51caa-5459-4a0f-bfe2-0e41ff09bc96,int5-train-5,mouseenter,next-btn,Next,,,944,2026-06-30T19:53:20.688Z
2bf51caa-5459-4a0f-bfe2-0e41ff09bc96,int5-train-5,click,next-btn,Next,0.26,0.84,1201,2026-06-30T19:53:20.945Z
2bf51caa-5459-4a0f-bfe2-0e41ff09bc96,int5-train-6,mousemove,document,,0.26,0.83,76,2026-06-30T19:53:21.022Z
2bf51caa-5459-4a0f-bfe2-0e41ff09bc96,int5-train-6,mouseenter,scale-btn,Probably real,,,276,2026-06-30T19:53:21.222Z
2bf51caa-5459-4a0f-bfe2-0e41ff09bc96,int5-train-6,mousemove,document,,0.43,0.71,954,2026-06-30T19:53:21.900Z
2bf51caa-5459-4a0f-bfe2-0e41ff09bc96,int5-train-6,mouseleave,scale-btn,Probably real,,,1026,2026-06-30T19:53:21.972Z
2bf51caa-5459-4a0f-bfe2-0e41ff09bc96,int5-train-6,mousemove,document,,0.49,0.8,1681,2026-06-30T19:53:22.627Z
2bf51caa-5459-4a0f-bfe2-0e41ff09bc96,int5-train-6,mousemove,document,,0.41,0.73,5554,2026-06-30T19:53:26.500Z
2bf51caa-5459-4a0f-bfe2-0e41ff09bc96,int4-round-3,mousemove,document,,0.01,0.78,38807,2026-06-30T19:54:15.209Z
2bf51caa-5459-4a0f-bfe2-0e41ff09bc96,int4-round-3,mousemove,document,,0.17,0.53,39355,2026-06-30T19:54:15.757Z
c647305d-5bca-4b3a-b99e-17e24a5ba44e,overview,mousemove,document,,0.51,0.0,394,2026-06-30T20:20:01.859Z
c647305d-5bca-4b3a-b99e-17e24a5ba44e,overview,mousemove,document,,0.22,0.19,896,2026-06-30T20:20:02.361Z
c647305d-5bca-4b3a-b99e-17e24a5ba44e,overview,click,body,"🕵️ Deepfake Discernment Study
  Overview
  Control
  1 · Kn",0.18,0.21,1111,2026-06-30T20:20:02.576Z
c647305d-5bca-4b3a-b99e-17e24a5ba44e,overview,mousemove,document,,0.36,0.58,1396,2026-06-30T20:20:02.861Z
c647305d-5bca-4b3a-b99e-17e24a5ba44e,overview,mousemove,document,,0.35,0.64,1897,2026-06-30T20:20:03.362Z
c647305d-5bca-4b3a-b99e-17e24a5ba44e,overview,click,p,No training — proceed directly to the 15-image detection tas,0.35,0.64,2097,2026-06-30T20:20:03.562Z
c647305d-5bca-4b3a-b99e-17e24a5ba44e,control,mousemove,document,,0.33,0.51,300,2026-06-30T20:20:03.862Z
c647305d-5bca-4b3a-b99e-17e24a5ba44e,control,click,div,"CHI 2026 · Geissler, Robertson & Feuerriegel
    Designing E",0.42,0.4,532,2026-06-30T20:20:04.094Z
c647305d-5bca-4b3a-b99e-17e24a5ba44e,control,mouseenter,btn,▶ Start Detection Task (demo: 5 images),,,717,2026-06-30T20:20:04.279Z
c647305d-5bca-4b3a-b99e-17e24a5ba44e,control,click,btn,▶ Start Detection Task (demo: 5 images),0.42,0.34,872,2026-06-30T20:20:04.434Z
c647305d-5bca-4b3a-b99e-17e24a5ba44e,control-task-img-1,mouseleave,btn,▶ Start Detection Task (demo: 5 images),,,9,2026-06-30T20:20:04.444Z
c647305d-5bca-4b3a-b99e-17e24a5ba44e,control-task-img-1,mousemove,document,,0.42,0.34,77,2026-06-30T20:20:04.512Z
c647305d-5bca-4b3a-b99e-17e24a5ba44e,control-task-img-1,mouseenter,image,Portrait in natural outdoor light,,,127,2026-06-30T20:20:04.562Z
c647305d-5bca-4b3a-b99e-17e24a5ba44e,control-task-img-1,click,image,Portrait in natural outdoor light,0.47,0.67,451,2026-06-30T20:20:04.886Z
c647305d-5bca-4b3a-b99e-17e24a5ba44e,control-task-img-1,mousemove,document,,0.39,0.68,593,2026-06-30T20:20:05.028Z
c647305d-5bca-4b3a-b99e-17e24a5ba44e,control-task-img-1,mouseleave,image,Portrait in natural outdoor light,,,642,2026-06-30T20:20:05.077Z
c647305d-5bca-4b3a-b99e-17e24a5ba44e,control-task-img-1,mouseenter,scale-btn,Definitely real,,,844,2026-06-30T20:20:05.279Z
c647305d-5bca-4b3a-b99e-17e24a5ba44e,control-task-img-1,click,scale-btn,Definitely real,0.38,0.75,999,2026-06-30T20:20:05.434Z
c647305d-5bca-4b3a-b99e-17e24a5ba44e,control-task-img-1,mouseleave,scale-btn,Definitely real,,,1093,2026-06-30T20:20:05.528Z
c647305d-5bca-4b3a-b99e-17e24a5ba44e,control-task-img-1,mousemove,document,,0.38,0.79,1093,2026-06-30T20:20:05.528Z
c647305d-5bca-4b3a-b99e-17e24a5ba44e,control-task-img-1,click,strong,share,0.38,0.82,1360,2026-06-30T20:20:05.795Z
c647305d-5bca-4b3a-b99e-17e24a5ba44e,control-task-img-1,mouseenter,share-btn,Yes,,,1443,2026-06-30T20:20:05.878Z
c647305d-5bca-4b3a-b99e-17e24a5ba44e,control-task-img-1,click,share-btn,Yes,0.38,0.84,1625,2026-06-30T20:20:06.060Z
c647305d-5bca-4b3a-b99e-17e24a5ba44e,control-task-img-1,mousemove,document,,0.38,0.84,1643,2026-06-30T20:20:06.078Z
c647305d-5bca-4b3a-b99e-17e24a5ba44e,control-task-img-1,mouseleave,share-btn,Yes,,,1792,2026-06-30T20:20:06.227Z
c647305d-5bca-4b3a-b99e-17e24a5ba44e,control-task-img-1,click,div,Image 1 / 15Is this image real or fake?Definitely realProbab,0.37,0.88,2020,2026-06-30T20:20:06.455Z
c647305d-5bca-4b3a-b99e-17e24a5ba44e,control-task-img-1,click,label,"I have seen this image before, or it failed to load",0.37,0.89,2287,2026-06-30T20:20:06.722Z
c647305d-5bca-4b3a-b99e-17e24a5ba44e,control-task-img-1,click,checkbox,seen-cb-0,0.37,0.89,2287,2026-06-30T20:20:06.722Z
c647305d-5bca-4b3a-b99e-17e24a5ba44e,control-task-img-1,change,checkbox,seen-cb-0:true,,,2287,2026-06-30T20:20:06.722Z
c647305d-5bca-4b3a-b99e-17e24a5ba44e,control-task-img-1,mousemove,document,,0.37,0.89,2303,2026-06-30T20:20:06.738Z
c647305d-5bca-4b3a-b99e-17e24a5ba44e,control-task-img-1,mouseenter,next-btn,Next,,,2377,2026-06-30T20:20:06.812Z
c647305d-5bca-4b3a-b99e-17e24a5ba44e,control-task-img-1,click,next-btn,Next,0.36,0.94,2668,2026-06-30T20:20:07.103Z
c647305d-5bca-4b3a-b99e-17e24a5ba44e,control-task-img-2,mousemove,document,,0.37,0.93,140,2026-06-30T20:20:07.244Z
c647305d-5bca-4b3a-b99e-17e24a5ba44e,control-task-img-2,mouseenter,share-btn,Yes,,,190,2026-06-30T20:20:07.294Z
c647305d-5bca-4b3a-b99e-17e24a5ba44e,control-task-img-2,mouseleave,share-btn,Yes,,,207,2026-06-30T20:20:07.311Z
c647305d-5bca-4b3a-b99e-17e24a5ba44e,control-task-img-2,mouseenter,scale-btn,Probably real,,,339,2026-06-30T20:20:07.443Z
c647305d-5bca-4b3a-b99e-17e24a5ba44e,control-task-img-2,click,scale-btn,Probably real,0.46,0.77,572,2026-06-30T20:20:07.676Z
c647305d-5bca-4b3a-b99e-17e24a5ba44e,control-task-img-2,mouseleave,scale-btn,Probably real,,,607,2026-06-30T20:20:07.711Z
c647305d-5bca-4b3a-b99e-17e24a5ba44e,control-task-img-2,mousemove,document,,0.44,0.82,640,2026-06-30T20:20:07.744Z
c647305d-5bca-4b3a-b99e-17e24a5ba44e,control-task-img-2,mouseenter,share-btn,Yes,,,690,2026-06-30T20:20:07.794Z
c647305d-5bca-4b3a-b99e-17e24a5ba44e,control-task-img-2,click,share-btn,Yes,0.42,0.85,901,2026-06-30T20:20:08.005Z
c647305d-5bca-4b3a-b99e-17e24a5ba44e,control-task-img-2,mouseleave,share-btn,Yes,,,1023,2026-06-30T20:20:08.127Z
c647305d-5bca-4b3a-b99e-17e24a5ba44e,control-task-img-2,mousemove,document,,0.39,0.93,1140,2026-06-30T20:20:08.244Z
c647305d-5bca-4b3a-b99e-17e24a5ba44e,control-task-img-2,click,div,Image 2 / 15Is this image real or fake?Definitely realProbab,0.39,0.93,1311,2026-06-30T20:20:08.415Z
c647305d-5bca-4b3a-b99e-17e24a5ba44e,control-task-img-2,mouseenter,next-btn,Next,,,1426,2026-06-30T20:20:08.530Z
c647305d-5bca-4b3a-b99e-17e24a5ba44e,control-task-img-2,click,next-btn,Next,0.36,0.93,1610,2026-06-30T20:20:08.714Z
c647305d-5bca-4b3a-b99e-17e24a5ba44e,control-task-img-3,mousemove,document,,0.36,0.92,30,2026-06-30T20:20:08.744Z
c647305d-5bca-4b3a-b99e-17e24a5ba44e,control-task-img-3,mouseenter,scale-btn,Probably fake,,,280,2026-06-30T20:20:08.994Z
c647305d-5bca-4b3a-b99e-17e24a5ba44e,control-task-img-3,click,scale-btn,Probably fake,0.52,0.78,493,2026-06-30T20:20:09.207Z
c647305d-5bca-4b3a-b99e-17e24a5ba44e,control-task-img-3,mouseleave,scale-btn,Probably fake,,,529,2026-06-30T20:20:09.243Z
c647305d-5bca-4b3a-b99e-17e24a5ba44e,control-task-img-3,mousemove,document,,0.52,0.8,546,2026-06-30T20:20:09.260Z
c647305d-5bca-4b3a-b99e-17e24a5ba44e,control-task-img-3,click,p,Would you share this image on social media?,0.51,0.82,771,2026-06-30T20:20:09.485Z
c647305d-5bca-4b3a-b99e-17e24a5ba44e,control-task-img-3,mouseenter,share-btn,No,,,797,2026-06-30T20:20:09.511Z
c647305d-5bca-4b3a-b99e-17e24a5ba44e,control-task-img-3,click,share-btn,No,0.49,0.86,1020,2026-06-30T20:20:09.734Z
c647305d-5bca-4b3a-b99e-17e24a5ba44e,control-task-img-3,mousemove,document,,0.48,0.87,1047,2026-06-30T20:20:09.761Z
c647305d-5bca-4b3a-b99e-17e24a5ba44e,control-task-img-3,mouseleave,share-btn,No,,,1080,2026-06-30T20:20:09.794Z
c647305d-5bca-4b3a-b99e-17e24a5ba44e,control-task-img-3,mouseenter,next-btn,Next,,,1330,2026-06-30T20:20:10.044Z
c647305d-5bca-4b3a-b99e-17e24a5ba44e,control-task-img-3,click,next-btn,Next,0.35,0.94,1590,2026-06-30T20:20:10.304Z
c647305d-5bca-4b3a-b99e-17e24a5ba44e,int3-tip-1,mouseleave,nav-btn,3 · Visual,,,79,2026-06-30T20:20:11.428Z
c647305d-5bca-4b3a-b99e-17e24a5ba44e,int3-tip-1,mousemove,document,,0.32,0.06,79,2026-06-30T20:20:11.428Z
c647305d-5bca-4b3a-b99e-17e24a5ba44e,control-task-img-4,mousemove,document,,0.35,0.94,109,2026-06-30T20:20:10.414Z
c647305d-5bca-4b3a-b99e-17e24a5ba44e,control-task-img-4,mousemove,document,,0.34,0.04,622,2026-06-30T20:20:10.927Z
c647305d-5bca-4b3a-b99e-17e24a5ba44e,control-task-img-4,mouseenter,nav-btn,3 · Visual,,,756,2026-06-30T20:20:11.061Z
c647305d-5bca-4b3a-b99e-17e24a5ba44e,control-task-img-4,click,nav-btn,3 · Visual,0.31,0.02,1043,2026-06-30T20:20:11.348Z
c647305d-5bca-4b3a-b99e-17e24a5ba44e,int3-tip-1,mouseenter,image,Two people holding hands — fingers are merged together unnat,,,195,2026-06-30T20:20:11.544Z
c647305d-5bca-4b3a-b99e-17e24a5ba44e,int3-tip-1,mouseleave,image,Two people holding hands — fingers are merged together unnat,,,460,2026-06-30T20:20:11.809Z
c647305d-5bca-4b3a-b99e-17e24a5ba44e,int3-tip-1,mouseenter,image,Two people holding hands — fingers are merged together unnat,,,579,2026-06-30T20:20:11.928Z
c647305d-5bca-4b3a-b99e-17e24a5ba44e,int3-tip-1,mousemove,document,,0.52,0.85,579,2026-06-30T20:20:11.928Z
c647305d-5bca-4b3a-b99e-17e24a5ba44e,int3-tip-1,mouseleave,image,Two people holding hands — fingers are merged together unnat,,,729,2026-06-30T20:20:12.078Z
c647305d-5bca-4b3a-b99e-17e24a5ba44e,int3-tip-1,mouseenter,btn,Next →,,,963,2026-06-30T20:20:12.312Z
c647305d-5bca-4b3a-b99e-17e24a5ba44e,int3-tip-1,click,btn,Next →,0.35,0.96,1153,2026-06-30T20:20:12.502Z
c647305d-5bca-4b3a-b99e-17e24a5ba44e,int3-tip-2,mouseenter,btn,Next →,,,8,2026-06-30T20:20:12.511Z
c647305d-5bca-4b3a-b99e-17e24a5ba44e,int3-tip-2,click,btn,Next →,0.35,0.96,191,2026-06-30T20:20:12.694Z
c647305d-5bca-4b3a-b99e-17e24a5ba44e,int3-tip-3,click,div,Hint 3 of 5Hint · Functional ErrorsFake images often have fu,0.35,0.96,196,2026-06-30T20:20:12.891Z
c647305d-5bca-4b3a-b99e-17e24a5ba44e,int3-tip-3,click,div,Hint 3 of 5Hint · Functional ErrorsFake images often have fu,0.35,0.96,377,2026-06-30T20:20:13.072Z
c647305d-5bca-4b3a-b99e-17e24a5ba44e,int3-tip-3,mousemove,document,,0.35,0.96,418,2026-06-30T20:20:13.113Z
c647305d-5bca-4b3a-b99e-17e24a5ba44e,int3-tip-3,mouseenter,btn,Next →,,,433,2026-06-30T20:20:13.128Z
c647305d-5bca-4b3a-b99e-17e24a5ba44e,int3-tip-3,click,btn,Next →,0.35,0.97,687,2026-06-30T20:20:13.382Z
c647305d-5bca-4b3a-b99e-17e24a5ba44e,int3-tip-4,mouseenter,btn,Next →,,,1,2026-06-30T20:20:13.383Z
c647305d-5bca-4b3a-b99e-17e24a5ba44e,int3-tip-4,click,btn,Next →,0.35,0.97,156,2026-06-30T20:20:13.538Z
c647305d-5bca-4b3a-b99e-17e24a5ba44e,int3-tip-5,mouseenter,btn,✅ Continue to Detection Task,,,8,2026-06-30T20:20:13.546Z
c647305d-5bca-4b3a-b99e-17e24a5ba44e,int3-tip-5,mouseleave,btn,✅ Continue to Detection Task,,,272,2026-06-30T20:20:13.810Z
c647305d-5bca-4b3a-b99e-17e24a5ba44e,int3-tip-5,mousemove,document,,0.36,0.94,361,2026-06-30T20:20:13.899Z
c647305d-5bca-4b3a-b99e-17e24a5ba44e,int3-tip-5,mouseenter,btn,✅ Continue to Detection Task,,,507,2026-06-30T20:20:14.045Z
c647305d-5bca-4b3a-b99e-17e24a5ba44e,int3-tip-5,click,btn,✅ Continue to Detection Task,0.4,0.83,776,2026-06-30T20:20:14.314Z
c647305d-5bca-4b3a-b99e-17e24a5ba44e,int3-task-img-1,mousemove,document,,0.4,0.83,191,2026-06-30T20:20:14.505Z
c647305d-5bca-4b3a-b99e-17e24a5ba44e,int3-task-img-1,mouseenter,share-btn,Yes,,,230,2026-06-30T20:20:14.544Z
c647305d-5bca-4b3a-b99e-17e24a5ba44e,int3-task-img-1,mouseleave,share-btn,Yes,,,296,2026-06-30T20:20:14.610Z
c647305d-5bca-4b3a-b99e-17e24a5ba44e,int3-task-img-1,mouseenter,share-btn,No,,,313,2026-06-30T20:20:14.627Z
c647305d-5bca-4b3a-b99e-17e24a5ba44e,int3-task-img-1,mouseleave,share-btn,No,,,363,2026-06-30T20:20:14.677Z
c647305d-5bca-4b3a-b99e-17e24a5ba44e,int3-task-img-1,mouseenter,scale-btn,Probably real,,,563,2026-06-30T20:20:14.877Z
c647305d-5bca-4b3a-b99e-17e24a5ba44e,int3-task-img-1,mousemove,document,,0.49,0.72,696,2026-06-30T20:20:15.010Z
c647305d-5bca-4b3a-b99e-17e24a5ba44e,int3-task-img-1,mouseleave,scale-btn,Probably real,,,749,2026-06-30T20:20:15.063Z
c647305d-5bca-4b3a-b99e-17e24a5ba44e,int3-task-img-1,mouseenter,scale-btn,Probably fake,,,797,2026-06-30T20:20:15.111Z
c647305d-5bca-4b3a-b99e-17e24a5ba44e,int3-task-img-1,click,scale-btn,Probably fake,0.51,0.72,1074,2026-06-30T20:20:15.388Z
c647305d-5bca-4b3a-b99e-17e24a5ba44e,int3-task-img-1,mouseleave,scale-btn,Probably fake,,,1097,2026-06-30T20:20:15.411Z
c647305d-5bca-4b3a-b99e-17e24a5ba44e,int3-task-img-1,mouseenter,share-btn,No,,,1130,2026-06-30T20:20:15.444Z
c647305d-5bca-4b3a-b99e-17e24a5ba44e,int3-task-img-1,mouseleave,share-btn,No,,,1180,2026-06-30T20:20:15.494Z
c647305d-5bca-4b3a-b99e-17e24a5ba44e,int3-task-img-1,mousemove,document,,0.48,0.83,1197,2026-06-30T20:20:15.511Z
c647305d-5bca-4b3a-b99e-17e24a5ba44e,int3-task-img-1,click,div,Image 1 / 15Is this image real or fake?Definitely realProbab,0.48,0.83,1377,2026-06-30T20:20:15.691Z
c647305d-5bca-4b3a-b99e-17e24a5ba44e,int3-task-img-1,mouseenter,share-btn,No,,,1399,2026-06-30T20:20:15.713Z
c647305d-5bca-4b3a-b99e-17e24a5ba44e,int3-task-img-1,mouseleave,share-btn,No,,,1463,2026-06-30T20:20:15.777Z
c647305d-5bca-4b3a-b99e-17e24a5ba44e,int3-task-img-1,mouseenter,scale-btn,Probably real,,,1615,2026-06-30T20:20:15.929Z
c647305d-5bca-4b3a-b99e-17e24a5ba44e,int3-task-img-1,mousemove,document,,0.46,0.72,1771,2026-06-30T20:20:16.085Z
c647305d-5bca-4b3a-b99e-17e24a5ba44e,int3-task-img-1,click,scale-btn,Probably real,0.45,0.73,1975,2026-06-30T20:20:16.289Z
c647305d-5bca-4b3a-b99e-17e24a5ba44e,int3-task-img-1,mouseleave,scale-btn,Probably real,,,1997,2026-06-30T20:20:16.311Z
c647305d-5bca-4b3a-b99e-17e24a5ba44e,int3-task-img-1,mouseenter,share-btn,Yes,,,2030,2026-06-30T20:20:16.344Z
c647305d-5bca-4b3a-b99e-17e24a5ba44e,int3-task-img-1,click,share-btn,Yes,0.38,0.82,2280,2026-06-30T20:20:16.594Z
c647305d-5bca-4b3a-b99e-17e24a5ba44e,int3-task-img-1,mouseleave,share-btn,Yes,,,2397,2026-06-30T20:20:16.711Z
c647305d-5bca-4b3a-b99e-17e24a5ba44e,int3-task-img-1,mousemove,document,,0.38,0.83,2398,2026-06-30T20:20:16.712Z
c647305d-5bca-4b3a-b99e-17e24a5ba44e,int3-task-img-1,click,label,"I have seen this image before, or it failed to load",0.37,0.84,2703,2026-06-30T20:20:17.017Z
c647305d-5bca-4b3a-b99e-17e24a5ba44e,int3-task-img-1,click,checkbox,seen-cb-0,0.37,0.84,2703,2026-06-30T20:20:17.017Z
c647305d-5bca-4b3a-b99e-17e24a5ba44e,int3-task-img-1,change,checkbox,seen-cb-0:true,,,2703,2026-06-30T20:20:17.017Z
c647305d-5bca-4b3a-b99e-17e24a5ba44e,int3-task-img-1,mouseenter,next-btn,Next,,,2780,2026-06-30T20:20:17.094Z
c647305d-5bca-4b3a-b99e-17e24a5ba44e,int3-task-img-1,mousemove,document,,0.36,0.88,2930,2026-06-30T20:20:17.244Z
c647305d-5bca-4b3a-b99e-17e24a5ba44e,int3-task-img-1,mouseleave,next-btn,Next,,,2982,2026-06-30T20:20:17.296Z
c647305d-5bca-4b3a-b99e-17e24a5ba44e,int3-task-img-1,mouseenter,next-btn,Next,,,3130,2026-06-30T20:20:17.444Z
c647305d-5bca-4b3a-b99e-17e24a5ba44e,int3-task-img-1,click,next-btn,Next,0.36,0.88,3344,2026-06-30T20:20:17.658Z
c647305d-5bca-4b3a-b99e-17e24a5ba44e,int3-task-img-2,mousemove,document,,0.38,0.87,103,2026-06-30T20:20:17.762Z
c647305d-5bca-4b3a-b99e-17e24a5ba44e,int3-task-img-2,mouseenter,share-btn,No,,,152,2026-06-30T20:20:17.811Z
c647305d-5bca-4b3a-b99e-17e24a5ba44e,int3-task-img-2,mouseleave,share-btn,No,,,170,2026-06-30T20:20:17.829Z
c647305d-5bca-4b3a-b99e-17e24a5ba44e,int3-task-img-2,mouseenter,scale-btn,Probably fake,,,185,2026-06-30T20:20:17.844Z
c647305d-5bca-4b3a-b99e-17e24a5ba44e,int3-task-img-2,mouseleave,scale-btn,Probably fake,,,202,2026-06-30T20:20:17.861Z
c647305d-5bca-4b3a-b99e-17e24a5ba44e,int3-task-img-2,mousemove,document,,0.55,0.69,666,2026-06-30T20:20:18.325Z
c647305d-5bca-4b3a-b99e-17e24a5ba44e,int3-task-img-2,click,p,Is this image real or fake?,0.55,0.69,679,2026-06-30T20:20:18.338Z
c647305d-5bca-4b3a-b99e-17e24a5ba44e,int3-task-img-2,click,div,Image 2 / 15Is this image real or fake?Definitely realProbab,0.53,0.7,977,2026-06-30T20:20:18.636Z
c647305d-5bca-4b3a-b99e-17e24a5ba44e,int3-task-img-2,mouseenter,scale-btn,Probably fake,,,1002,2026-06-30T20:20:18.661Z
c647305d-5bca-4b3a-b99e-17e24a5ba44e,int3-task-img-2,click,scale-btn,Probably fake,0.53,0.71,1249,2026-06-30T20:20:18.908Z
c647305d-5bca-4b3a-b99e-17e24a5ba44e,int3-task-img-2,mousemove,document,,0.53,0.71,1319,2026-06-30T20:20:18.978Z
c647305d-5bca-4b3a-b99e-17e24a5ba44e,int3-task-img-2,mouseleave,scale-btn,Probably fake,,,1359,2026-06-30T20:20:19.018Z
c647305d-5bca-4b3a-b99e-17e24a5ba44e,int3-task-img-2,click,div,Image 2 / 15Is this image real or fake?Definitely realProbab,0.52,0.78,1620,2026-06-30T20:20:19.279Z
c647305d-5bca-4b3a-b99e-17e24a5ba44e,int3-task-img-2,mouseenter,share-btn,No,,,1671,2026-06-30T20:20:19.330Z
c647305d-5bca-4b3a-b99e-17e24a5ba44e,int3-task-img-2,mousemove,document,,0.49,0.8,1852,2026-06-30T20:20:19.511Z
c647305d-5bca-4b3a-b99e-17e24a5ba44e,int3-task-img-2,click,share-btn,No,0.49,0.8,1987,2026-06-30T20:20:19.646Z
c647305d-5bca-4b3a-b99e-17e24a5ba44e,int3-task-img-2,mouseleave,share-btn,No,,,2102,2026-06-30T20:20:19.761Z
c647305d-5bca-4b3a-b99e-17e24a5ba44e,int3-task-img-2,mouseenter,share-btn,Yes,,,2102,2026-06-30T20:20:19.761Z
c647305d-5bca-4b3a-b99e-17e24a5ba44e,int3-task-img-2,mouseleave,share-btn,Yes,,,2352,2026-06-30T20:20:20.011Z
c647305d-5bca-4b3a-b99e-17e24a5ba44e,int3-task-img-2,mousemove,document,,0.39,0.83,2352,2026-06-30T20:20:20.011Z
c647305d-5bca-4b3a-b99e-17e24a5ba44e,int3-task-img-2,click,div,Image 2 / 15Is this image real or fake?Definitely realProbab,0.39,0.83,2622,2026-06-30T20:20:20.281Z
c647305d-5bca-4b3a-b99e-17e24a5ba44e,int3-task-img-2,click,label,"I have seen this image before, or it failed to load",0.39,0.85,2926,2026-06-30T20:20:20.585Z
c647305d-5bca-4b3a-b99e-17e24a5ba44e,int3-task-img-2,click,checkbox,seen-cb-1,0.39,0.85,2926,2026-06-30T20:20:20.585Z
c647305d-5bca-4b3a-b99e-17e24a5ba44e,int3-task-img-2,change,checkbox,seen-cb-1:true,,,2926,2026-06-30T20:20:20.585Z
c647305d-5bca-4b3a-b99e-17e24a5ba44e,int3-task-img-2,mousemove,document,,0.39,0.85,2935,2026-06-30T20:20:20.594Z
c647305d-5bca-4b3a-b99e-17e24a5ba44e,int3-task-img-2,mouseenter,next-btn,Next,,,3037,2026-06-30T20:20:20.696Z
c647305d-5bca-4b3a-b99e-17e24a5ba44e,int3-task-img-2,click,next-btn,Next,0.36,0.87,3338,2026-06-30T20:20:20.997Z
c647305d-5bca-4b3a-b99e-17e24a5ba44e,int3-task-img-3,mousemove,document,,0.36,0.87,176,2026-06-30T20:20:21.173Z
c647305d-5bca-4b3a-b99e-17e24a5ba44e,int3-task-img-3,mouseenter,share-btn,Yes,,,348,2026-06-30T20:20:21.345Z
c647305d-5bca-4b3a-b99e-17e24a5ba44e,int3-task-img-3,mouseleave,share-btn,Yes,,,397,2026-06-30T20:20:21.394Z
c647305d-5bca-4b3a-b99e-17e24a5ba44e,int3-task-img-3,mouseenter,scale-btn,Probably real,,,514,2026-06-30T20:20:21.511Z
c647305d-5bca-4b3a-b99e-17e24a5ba44e,int3-task-img-3,mousemove,document,,0.42,0.74,754,2026-06-30T20:20:21.751Z
c647305d-5bca-4b3a-b99e-17e24a5ba44e,int3-task-img-3,click,scale-btn,Probably real,0.42,0.74,1042,2026-06-30T20:20:22.039Z
c647305d-5bca-4b3a-b99e-17e24a5ba44e,int3-task-img-3,mouseleave,scale-btn,Probably real,,,1065,2026-06-30T20:20:22.062Z
c647305d-5bca-4b3a-b99e-17e24a5ba44e,int3-task-img-3,mouseenter,share-btn,Yes,,,1131,2026-06-30T20:20:22.128Z
c647305d-5bca-4b3a-b99e-17e24a5ba44e,int3-task-img-3,mousemove,document,,0.4,0.8,1350,2026-06-30T20:20:22.347Z
c647305d-5bca-4b3a-b99e-17e24a5ba44e,int3-task-img-3,click,share-btn,Yes,0.4,0.81,1370,2026-06-30T20:20:22.367Z
c647305d-5bca-4b3a-b99e-17e24a5ba44e,int3-task-img-3,mouseleave,share-btn,Yes,,,1430,2026-06-30T20:20:22.427Z
c647305d-5bca-4b3a-b99e-17e24a5ba44e,int3-task-img-3,click,label,"I have seen this image before, or it failed to load",0.38,0.84,1741,2026-06-30T20:20:22.738Z
c647305d-5bca-4b3a-b99e-17e24a5ba44e,int3-task-img-3,click,checkbox,seen-cb-2,0.38,0.84,1741,2026-06-30T20:20:22.738Z
c647305d-5bca-4b3a-b99e-17e24a5ba44e,int3-task-img-3,change,checkbox,seen-cb-2:true,,,1741,2026-06-30T20:20:22.738Z
c647305d-5bca-4b3a-b99e-17e24a5ba44e,int3-task-img-3,mouseenter,next-btn,Next,,,1831,2026-06-30T20:20:22.828Z
c647305d-5bca-4b3a-b99e-17e24a5ba44e,int3-task-img-3,mousemove,document,,0.36,0.87,1863,2026-06-30T20:20:22.860Z
c647305d-5bca-4b3a-b99e-17e24a5ba44e,int3-task-img-3,click,next-btn,Next,0.36,0.89,2131,2026-06-30T20:20:23.128Z
c647305d-5bca-4b3a-b99e-17e24a5ba44e,int5-train-1,mouseleave,nav-btn,5 · Feedback,,,149,2026-06-30T20:20:25.445Z
c647305d-5bca-4b3a-b99e-17e24a5ba44e,int5-train-1,mousemove,document,,0.41,0.09,181,2026-06-30T20:20:25.477Z
c647305d-5bca-4b3a-b99e-17e24a5ba44e,int5-train-1,mouseenter,image,Hands merged — anatomical error,,,454,2026-06-30T20:20:25.750Z
c647305d-5bca-4b3a-b99e-17e24a5ba44e,int5-train-1,mousemove,document,,0.52,0.73,681,2026-06-30T20:20:25.977Z
c647305d-5bca-4b3a-b99e-17e24a5ba44e,int5-train-1,mouseleave,image,Hands merged — anatomical error,,,716,2026-06-30T20:20:26.012Z
c647305d-5bca-4b3a-b99e-17e24a5ba44e,int5-train-1,mouseenter,scale-btn,Probably fake,,,932,2026-06-30T20:20:26.228Z
c647305d-5bca-4b3a-b99e-17e24a5ba44e,int5-train-1,mouseleave,scale-btn,Probably fake,,,982,2026-06-30T20:20:26.278Z
c647305d-5bca-4b3a-b99e-17e24a5ba44e,int5-train-1,mouseenter,scale-btn,Probably real,,,1015,2026-06-30T20:20:26.311Z
c647305d-5bca-4b3a-b99e-17e24a5ba44e,int3-task-img-4,mousemove,document,,0.39,0.85,250,2026-06-30T20:20:23.378Z
c647305d-5bca-4b3a-b99e-17e24a5ba44e,int3-task-img-4,mouseenter,share-btn,Yes,,,332,2026-06-30T20:20:23.460Z
c647305d-5bca-4b3a-b99e-17e24a5ba44e,int3-task-img-4,mouseleave,share-btn,Yes,,,417,2026-06-30T20:20:23.545Z
c647305d-5bca-4b3a-b99e-17e24a5ba44e,int3-task-img-4,mouseenter,scale-btn,Probably real,,,466,2026-06-30T20:20:23.594Z
c647305d-5bca-4b3a-b99e-17e24a5ba44e,int3-task-img-4,mouseleave,scale-btn,Probably real,,,482,2026-06-30T20:20:23.610Z
c647305d-5bca-4b3a-b99e-17e24a5ba44e,int3-task-img-4,mouseenter,image,Candid street photograph,,,516,2026-06-30T20:20:23.644Z
c647305d-5bca-4b3a-b99e-17e24a5ba44e,int3-task-img-4,mouseleave,image,Candid street photograph,,,633,2026-06-30T20:20:23.761Z
c647305d-5bca-4b3a-b99e-17e24a5ba44e,int3-task-img-4,mousemove,document,,0.42,0.01,752,2026-06-30T20:20:23.880Z
c647305d-5bca-4b3a-b99e-17e24a5ba44e,int3-task-img-4,mouseenter,image,Candid street photograph,,,1017,2026-06-30T20:20:24.145Z
c647305d-5bca-4b3a-b99e-17e24a5ba44e,int3-task-img-4,mousemove,document,,0.53,0.45,1321,2026-06-30T20:20:24.449Z
c647305d-5bca-4b3a-b99e-17e24a5ba44e,int3-task-img-4,mouseleave,image,Candid street photograph,,,1383,2026-06-30T20:20:24.511Z
c647305d-5bca-4b3a-b99e-17e24a5ba44e,int3-task-img-4,mousemove,document,,0.45,0.05,1833,2026-06-30T20:20:24.961Z
c647305d-5bca-4b3a-b99e-17e24a5ba44e,int3-task-img-4,mouseenter,nav-btn,5 · Feedback,,,1902,2026-06-30T20:20:25.030Z
c647305d-5bca-4b3a-b99e-17e24a5ba44e,int3-task-img-4,click,nav-btn,5 · Feedback,0.4,0.03,2167,2026-06-30T20:20:25.295Z
c647305d-5bca-4b3a-b99e-17e24a5ba44e,int5-train-1,click,scale-btn,Probably real,0.49,0.82,1252,2026-06-30T20:20:26.548Z
c647305d-5bca-4b3a-b99e-17e24a5ba44e,int5-train-1,mousemove,document,,0.49,0.82,1314,2026-06-30T20:20:26.610Z
c647305d-5bca-4b3a-b99e-17e24a5ba44e,int5-train-1,mouseleave,scale-btn,Probably real,,,1514,2026-06-30T20:20:26.810Z
c647305d-5bca-4b3a-b99e-17e24a5ba44e,int5-train-1,mousemove,document,,0.42,0.89,1866,2026-06-30T20:20:27.162Z
c647305d-5bca-4b3a-b99e-17e24a5ba44e,int5-train-1,mouseenter,scale-btn,Probably fake,,,2165,2026-06-30T20:20:27.461Z
c647305d-5bca-4b3a-b99e-17e24a5ba44e,int5-train-1,mousemove,document,,0.55,0.83,2473,2026-06-30T20:20:27.769Z
c647305d-5bca-4b3a-b99e-17e24a5ba44e,int5-train-1,mousemove,document,,0.53,0.82,3431,2026-06-30T20:20:28.727Z
c647305d-5bca-4b3a-b99e-17e24a5ba44e,int5-train-1,mouseleave,scale-btn,Probably fake,,,3481,2026-06-30T20:20:28.777Z
c647305d-5bca-4b3a-b99e-17e24a5ba44e,int5-train-1,mouseenter,scale-btn,Probably real,,,3481,2026-06-30T20:20:28.777Z
c647305d-5bca-4b3a-b99e-17e24a5ba44e,int5-train-1,mouseleave,scale-btn,Probably real,,,3581,2026-06-30T20:20:28.877Z
c647305d-5bca-4b3a-b99e-17e24a5ba44e,int5-train-1,mouseenter,scale-btn,Definitely real,,,3650,2026-06-30T20:20:28.946Z
c647305d-5bca-4b3a-b99e-17e24a5ba44e,int5-train-1,mousemove,document,,0.39,0.82,3982,2026-06-30T20:20:29.278Z
c647305d-5bca-4b3a-b99e-17e24a5ba44e,int5-train-1,mouseleave,scale-btn,Definitely real,,,4050,2026-06-30T20:20:29.346Z
c647305d-5bca-4b3a-b99e-17e24a5ba44e,int5-train-1,mouseenter,next-btn,Next,,,4232,2026-06-30T20:20:29.528Z
c647305d-5bca-4b3a-b99e-17e24a5ba44e,int5-train-1,click,next-btn,Next,0.35,0.92,4542,2026-06-30T20:20:29.838Z
c647305d-5bca-4b3a-b99e-17e24a5ba44e,int5-train-2,mousemove,document,,0.37,0.92,1862,2026-06-30T20:20:31.700Z
c647305d-5bca-4b3a-b99e-17e24a5ba44e,int5-train-2,click,next-btn,Next,0.37,0.92,2376,2026-06-30T20:20:32.214Z
c647305d-5bca-4b3a-b99e-17e24a5ba44e,int5-train-2,mousemove,document,,0.35,0.92,7,2026-06-30T20:20:29.845Z
c647305d-5bca-4b3a-b99e-17e24a5ba44e,int5-train-2,mouseenter,scale-btn,Probably fake,,,189,2026-06-30T20:20:30.027Z
c647305d-5bca-4b3a-b99e-17e24a5ba44e,int5-train-2,click,scale-btn,Probably fake,0.56,0.81,566,2026-06-30T20:20:30.404Z
c647305d-5bca-4b3a-b99e-17e24a5ba44e,int5-train-2,mousemove,document,,0.56,0.81,773,2026-06-30T20:20:30.611Z
c647305d-5bca-4b3a-b99e-17e24a5ba44e,int5-train-2,mouseleave,scale-btn,Probably fake,,,972,2026-06-30T20:20:30.810Z
c647305d-5bca-4b3a-b99e-17e24a5ba44e,int5-train-2,mousemove,document,,0.46,0.85,1273,2026-06-30T20:20:31.111Z
c647305d-5bca-4b3a-b99e-17e24a5ba44e,int5-train-2,mouseenter,next-btn,Next,,,1589,2026-06-30T20:20:31.427Z
c647305d-5bca-4b3a-b99e-17e24a5ba44e,int5-train-3,mousemove,document,,0.39,0.9,80,2026-06-30T20:20:32.294Z
c647305d-5bca-4b3a-b99e-17e24a5ba44e,int5-train-3,mouseenter,scale-btn,Probably real,,,214,2026-06-30T20:20:32.428Z
c647305d-5bca-4b3a-b99e-17e24a5ba44e,int5-train-3,mouseleave,scale-btn,Probably real,,,280,2026-06-30T20:20:32.494Z
c647305d-5bca-4b3a-b99e-17e24a5ba44e,int5-train-3,mouseenter,scale-btn,Definitely real,,,297,2026-06-30T20:20:32.511Z
c647305d-5bca-4b3a-b99e-17e24a5ba44e,int5-train-3,click,scale-btn,Definitely real,0.4,0.82,514,2026-06-30T20:20:32.728Z
c647305d-5bca-4b3a-b99e-17e24a5ba44e,int5-train-3,mousemove,document,,0.4,0.83,613,2026-06-30T20:20:32.827Z
c647305d-5bca-4b3a-b99e-17e24a5ba44e,int5-train-3,mouseleave,scale-btn,Definitely real,,,697,2026-06-30T20:20:32.911Z
c647305d-5bca-4b3a-b99e-17e24a5ba44e,int5-train-3,mouseenter,next-btn,Next,,,964,2026-06-30T20:20:33.178Z
c647305d-5bca-4b3a-b99e-17e24a5ba44e,int5-train-3,mousemove,document,,0.36,0.92,2405,2026-06-30T20:20:34.619Z
c647305d-5bca-4b3a-b99e-17e24a5ba44e,int5-train-3,click,next-btn,Next,0.36,0.92,2419,2026-06-30T20:20:34.633Z
c647305d-5bca-4b3a-b99e-17e24a5ba44e,int5-train-5,mousemove,document,,0.36,0.92,95,2026-06-30T20:20:36.411Z
c647305d-5bca-4b3a-b99e-17e24a5ba44e,int5-train-5,mouseenter,scale-btn,Probably fake,,,412,2026-06-30T20:20:36.728Z
c647305d-5bca-4b3a-b99e-17e24a5ba44e,int5-train-5,mouseleave,scale-btn,Probably fake,,,428,2026-06-30T20:20:36.744Z
c647305d-5bca-4b3a-b99e-17e24a5ba44e,int5-train-5,mouseenter,scale-btn,Definitely fake,,,428,2026-06-30T20:20:36.744Z
c647305d-5bca-4b3a-b99e-17e24a5ba44e,int5-train-5,mouseleave,scale-btn,Definitely fake,,,561,2026-06-30T20:20:36.877Z
c647305d-5bca-4b3a-b99e-17e24a5ba44e,int5-train-5,mousemove,document,,0.67,0.78,611,2026-06-30T20:20:36.927Z
c647305d-5bca-4b3a-b99e-17e24a5ba44e,int5-train-5,mousemove,document,,0.72,0.76,1112,2026-06-30T20:20:37.428Z
c647305d-5bca-4b3a-b99e-17e24a5ba44e,int5-train-5,mousemove,document,,0.79,0.72,2046,2026-06-30T20:20:38.362Z
c647305d-5bca-4b3a-b99e-17e24a5ba44e,int5-train-4,mouseenter,scale-btn,Probably real,,,94,2026-06-30T20:20:34.728Z
c647305d-5bca-4b3a-b99e-17e24a5ba44e,int5-train-4,mouseleave,scale-btn,Probably real,,,160,2026-06-30T20:20:34.794Z
c647305d-5bca-4b3a-b99e-17e24a5ba44e,int5-train-4,click,div,Training image 4 of 10Is this image real or fake?Definitely ,0.48,0.79,423,2026-06-30T20:20:35.057Z
c647305d-5bca-4b3a-b99e-17e24a5ba44e,int5-train-4,mouseenter,scale-btn,Probably real,,,478,2026-06-30T20:20:35.112Z
c647305d-5bca-4b3a-b99e-17e24a5ba44e,int5-train-4,mousemove,document,,0.47,0.81,493,2026-06-30T20:20:35.127Z
c647305d-5bca-4b3a-b99e-17e24a5ba44e,int5-train-4,click,scale-btn,Probably real,0.47,0.82,662,2026-06-30T20:20:35.296Z
c647305d-5bca-4b3a-b99e-17e24a5ba44e,int5-train-4,mouseleave,scale-btn,Probably real,,,776,2026-06-30T20:20:35.410Z
c647305d-5bca-4b3a-b99e-17e24a5ba44e,int5-train-4,mousemove,document,,0.37,0.89,994,2026-06-30T20:20:35.628Z
c647305d-5bca-4b3a-b99e-17e24a5ba44e,int5-train-4,mouseenter,next-btn,Next,,,1277,2026-06-30T20:20:35.911Z
c647305d-5bca-4b3a-b99e-17e24a5ba44e,int5-train-4,click,next-btn,Next,0.36,0.92,1681,2026-06-30T20:20:36.315Z
